CountryCode,ProjYear,p20,p80
ALB,2010,4.65524600644592,10.9477900318206
DZA,2010,4.62381369526655,10.2478079820396
AGO,2010,1.33969509956626,5.02363974742813
ARM,2010,3.53269323624723,7.90963297775253
AUS,2010,27.3828276647204,75.0742956957886
AUT,2010,31.1051446573877,74.410021004064
AZE,2010,9.56121585526206,18.3892821652903
BGD,2010,1.9201138952525,4.48179846810067
BLR,2010,8.9419335550509,20.760178313532
BEN,2010,1.10709037617684,3.52996766307911
BOL,2010,3.79736844961402,16.4624133012656
BIH,2010,9.89286363902097,26.9410383996673
BWA,2010,2.14283990642923,11.9117386210231
BDI,2010,0.813622531452412,2.10383757303862
CPV,2010,3.09052212742547,11.3494165667441
CMR,2010,1.41569417599892,5.4317042601602
CAF,2010,0.686986748675339,3.16025781687296
TCD,2010,1.24999484007065,4.57939005190486
CHN,2010,2.55175170166308,10.0797409165302
COD,2010,0.455319694285688,1.5619028712976
HRV,2010,13.5815649336171,29.9779301938805
CZE,2010,17.4805821899118,34.903469981102
DNK,2010,32.0441661816109,67.3489505324264
DJI,2010,2.04098703842891,7.03752527862838
ETH,2010,1.51566700150232,3.50791956052364
FIN,2010,29.7232839922404,64.8896018939961
FRA,2010,27.4662754874473,68.1231325055249
GAB,2010,2.98978733764416,10.5809786030948
GMB,2010,1.6929629512809,5.44358708729759
GEO,2010,2.49330815434661,8.14630028617571
DEU,2010,28.7856235162487,69.2954599911052
GTM,2010,2.74479373616581,12.1975910109884
GNB,2010,99.99940397351,99.99940397351
GUY,2010,3.51007477466269,12.8096067510768
HTI,2010,0.584809527470745,4.02380525144432
HND,2010,2.28936342320868,12.6146954405229
HUN,2010,10.9948814433942,26.0377285562128
ISL,2010,28.1522991384346,56.8723655792085
IDN,2010,2.15147741808203,6.08473387653565
IRN,2010,6.78924582844063,23.1754617906039
IRQ,2010,3.46182154339763,7.9815344221905
IRL,2010,23.0551242626467,59.5114219512581
JAM,2010,4.2588015078743,15.2264113603405
JPN,2010,26.3563570880899,63.8882841988542
JOR,2010,5.61455052722964,14.0964802186483
KAZ,2010,5.9638957836242,13.1433969532029
KEN,2010,1.25782991302778,4.28368840993325
LBR,2010,0.971629889395964,2.63319328912434
LTU,2010,8.27519679769729,23.2683768174615
LUX,2010,38.0137871685745,96.6597323297731
MYS,2010,6.94963258524688,27.1168443814073
MLI,2010,23.614883593781,23.614883593781
MLT,2010,20.3699636539311,47.4712044801141
MRT,2010,2.47772139522864,7.21887098195461
MUS,2010,5.63415446776115,14.8783047635104
MEX,2010,3.85009763224612,13.3189887211862
MDA,2010,4.80198302761533,11.9506519064914
MNG,2010,4.12831590812419,10.9863370284543
MAR,2010,4.06806618941935,11.7070698160244
MMR,2010,2.18618078464756,5.58285262787924
NAM,2010,1.81459093841566,8.79181117512867
NLD,2010,29.8485721464342,66.1011665018939
NIC,2010,3.10779755099082,10.8395270066043
NER,2010,1.17606973798706,2.82362623950953
MKD,2010,3.55279434447106,13.6251402082314
PAN,2010,5.09692685053203,24.5675082008576
PNG,2010,1.25752949323172,4.57578027904357
PRY,2010,4.2576896756166,17.5482009408196
PER,2010,3.89344057639208,15.6636915044073
PHL,2010,2.37300142064779,7.58007692065383
POL,2010,8.76730661822153,22.679170273505
PRT,2010,14.2055534430755,37.4616160533467
ROU,2010,5.51908294052138,12.970975070667
RWA,2010,0.86850904286642,2.75862408711688
SEN,2010,1.34939217693526,4.26282827370785
SRB,2010,6.70914985623613,15.7791195368595
SYC,2010,7.7198471130086,20.1709366876419
SVK,2010,14.2389385629461,30.3849156547347
SVN,2010,22.3883453009638,44.5844382091298
SLB,2010,1.44164313728018,4.4438530805345
ZAF,2010,2.12460110854348,14.59565566667
SSD,2010,0.988547098465516,4.51897523518112
ESP,2010,18.9177171742604,54.3767301343405
LKA,2010,3.27377224528302,8.60082097527409
LCA,2010,4.97578522666289,21.7369360491288
CHE,2010,35.0469448080252,89.2948357736453
SYR,2010,4.04900164599942,10.8067013570706
TWN,2010,21.0993468101627,54.8221768443723
TJK,2010,3.1297216505651,7.78012932151044
THA,2010,5.78292475831937,18.000521776324
TLS,2010,1.63332679393839,3.60514349439078
TTO,2010,10.411302790238,36.2063202520934
TUN,2010,4.41861819690487,12.846990865667
TUR,2010,6.43597782645475,20.4729836651899
TKM,2010,2.40808006630222,7.91167422824276
TUV,2010,3.36020447885455,10.1782346343504
UKR,2010,7.47894901858067,15.351919335866
ARE,2010,34.1351948167122,99.99940397351
GBR,2010,22.6315675830524,59.9271600898253
USA,2010,26.0698814612264,88.5068312520521
URY,2010,8.03507247606838,31.1702365177384
UZB,2010,1.61291854808588,4.09452498060134
VEN,2010,3.88190165973036,16.1500900372587
VNM,2010,3.4722310327448,10.1882551744285
YEM,2010,2.46452016476536,6.41825456689157
ZWE,2010,1.63644385143138,5.73126306091468
ALB,2011,4.61335334636179,10.8137918563144
DZA,2011,4.82312649035591,10.5625985647212
AGO,2011,1.29362427494432,5.0067983501828
ARM,2011,3.63104145034891,8.36960581627234
AUT,2011,29.8106386236242,73.6334189814788
AZE,2011,11.6938541709564,22.474369831946
BEL,2011,27.6480759689319,60.2590543191571
BEN,2011,1.0919182856872,3.5437129216106
BTN,2011,3.49367966857086,10.5259796097841
BOL,2011,4.16884991077689,17.7220182894197
BIH,2011,9.95684488916907,26.793562496596
BWA,2011,2.15026935858967,11.8260055135594
BFA,2011,1.19718598998947,3.22869500834766
CMR,2011,1.44055351599109,5.66232493459011
TCD,2011,1.18988464268674,4.48207564618636
CHN,2011,2.90206594554911,10.7301087749814
COL,2011,3.59681306084064,16.7428466369442
COG,2011,1.17145919692441,5.04858947030183
CRI,2011,6.77812679287233,28.9487312705883
CIV,2011,1.27798961541137,4.44833269733452
HRV,2011,9.5494874346456,25.8362111176712
CYP,2011,25.7807779089075,60.8279025611411
CZE,2011,17.4207829503736,34.721346792629
DNK,2011,31.7046412758859,65.855154849412
DJI,2011,2.03395739286103,7.10010572512241
DOM,2011,4.32101386853936,16.6605075302146
ECU,2011,4.25243277074478,17.3137955931552
EGY,2011,3.08524204373522,6.53928657981983
SLV,2011,3.48612031020204,11.610026010132
EST,2011,12.4422371895108,31.5361753625452
SWZ,2011,1.22779576183397,5.74660956580437
FJI,2011,4.1119316775388,11.3194628369689
FIN,2011,30.2127817832065,64.3526861780284
GMB,2011,1.62835872328142,5.15123666562438
GEO,2011,2.59525092102742,8.32146933420781
DEU,2011,28.8199639322674,68.5333719155977
GRC,2011,12.3222443498521,35.4202784931623
GTM,2011,2.76802407675808,11.8568439636536
GNB,2011,99.99940397351,99.99940397351
GUY,2011,3.67981436508297,13.4285950443583
HUN,2011,11.4683984985441,25.8972205254445
ISL,2011,27.1830411982785,57.881396918515
IDN,2011,2.23731076064876,6.63963687615677
IRN,2011,7.22793046886141,23.35247864411
IRL,2011,22.351409323723,56.8517245218688
ITA,2011,20.9394710122271,57.5484091638305
JAM,2011,4.30147264092225,15.4045549309801
JPN,2011,25.7619868098819,61.8077193590324
JOR,2011,5.62478773619667,13.9542878980166
KAZ,2011,7.03742317988043,15.6729210201009
KEN,2011,1.27891664191661,4.32044982475288
KIR,2011,2.18876745536707,6.13681079290527
KOR,2011,20.8989616706781,52.1065191203758
XKX,2011,99.99940397351,99.99940397351
KGZ,2011,3.37804726904705,7.25581879518788
LAO,2011,1.81207340419495,4.68623575609913
LSO,2011,1.22823928997438,5.65078597088985
LBR,2011,1.08240980819513,2.9108885270529
LTU,2011,9.68562638852939,25.3175546601382
LUX,2011,36.3807962028086,97.535313589021
MYS,2011,7.9367093268319,30.2750396252483
MLI,2011,23.614883593781,23.614883593781
MLT,2011,20.5212906487778,47.1838708764201
MRT,2011,2.55964692896178,7.29450671440068
MUS,2011,5.66632081425345,15.0831843191466
MEX,2011,3.88466311887242,13.4804876713619
FSM,2011,2.48241865353855,8.43343096745199
MDA,2011,5.09647555092386,12.2862066332718
MNG,2011,4.46894608963095,11.9997570463791
MNE,2011,8.06946662146194,19.3000645174851
MMR,2011,2.28924686592446,5.84930409740006
NAM,2011,1.90903519258256,9.62481264042689
NPL,2011,2.04210516741778,5.13641590507827
NLD,2011,29.8901736949843,64.8221199133407
NIC,2011,3.19748979230874,11.1287361534124
MKD,2011,3.77219006739574,14.1483931948386
NOR,2011,40.1458816838422,84.1046011096486
PAK,2011,2.31933569331813,5.00472963605849
PAN,2011,5.84877676076529,27.0468546743318
PRY,2011,4.46515417683809,19.6755012525789
PER,2011,4.14013455359943,16.2220892369321
PHL,2011,2.40638763041796,7.67593147373322
ROU,2011,5.51063046780466,12.575189795084
RUS,2011,9.06647345496367,27.7515425574006
RWA,2011,0.901958433445577,2.8175898632276
WSM,2011,4.27161028741175,12.4718338899713
SEN,2011,1.33054932817814,4.20535444171152
SYC,2011,8.549884045036,23.4676781144641
SLE,2011,99.99940397351,99.99940397351
SVK,2011,14.9732520629885,32.0325533285763
SVN,2011,22.3170918978526,44.2272022242054
ZAF,2011,2.13051013152023,14.6256958720136
SSD,2011,0.907790658571107,4.16336792093111
ESP,2011,17.7956813416209,53.1355407288033
LCA,2011,3.13754405939177,21.3262815787234
SDN,2011,2.13205597340217,5.99168796735825
SUR,2011,2.13897252699759,14.2643096383769
CHE,2011,35.8582925163611,91.1507031745793
SYR,2011,3.8629541467543,10.31339080649
TWN,2011,21.4640252801589,61.7347457615614
TJK,2011,3.18066847814801,8.0136508967643
THA,2011,6.30993537211549,17.8347693443002
TLS,2011,1.61653752207935,3.56949849403266
TGO,2011,0.865705591496081,3.65279730211582
TON,2011,4.54796515470172,13.3127719349877
TTO,2011,10.3181912730996,35.882753710003
TUN,2011,4.54749619425152,13.0196434591598
TUR,2011,6.82845967674631,21.8105141382542
TKM,2011,2.71578501539421,8.92212993673479
UGA,2011,1.39368733054028,4.16324966598856
UKR,2011,7.86737612306828,15.8974631084511
ARE,2011,36.1777643615481,99.99940397351
GBR,2011,22.2898608282049,60.5722052449012
USA,2011,25.9482990178404,88.7200074815907
URY,2011,9.29239171748549,33.8341528828742
UZB,2011,1.6899097381381,4.29618907083029
VUT,2011,2.22831794553792,6.57654068217521
VEN,2011,3.98687686757456,16.5400095698336
VNM,2011,3.62050669677697,10.3737694134628
PSE,2011,5.6406397329235,15.0575717589532
YEM,2011,2.05178218434816,5.39020525904798
ZWE,2011,1.84000199155624,6.4450821953602
ALB,2012,4.49327333735268,10.5148552018108
DZA,2012,4.97069297615087,10.8314903452211
ARM,2012,3.72437660709788,8.3841205347596
AUS,2012,29.1862315627377,77.9062035151634
BLR,2012,10.9617261852071,23.3114924476874
BEN,2012,1.07920080854765,3.50587709798265
BTN,2012,3.5804220053079,10.5810257171672
BOL,2012,4.14358305170703,18.3340339946388
BWA,2012,2.14837652255895,11.6078301276869
BGR,2012,7.48167542638665,20.6021542066476
BDI,2012,0.804745029637028,2.1736124023439
CPV,2012,3.28837507886098,11.9498217219564
CMR,2012,1.46860200614686,5.96241703073986
CAN,2012,28.792323945318,78.148827526897
CAF,2012,0.742450822083475,3.42187389099775
TCD,2012,1.25205191019598,4.71839231973698
COL,2012,3.73036050382505,17.3189705282829
COG,2012,1.18503729046923,5.103912459688
CIV,2012,1.35007994001266,4.64780005544582
HRV,2012,9.15587890515844,24.8434908317785
CYP,2012,23.2783955638499,57.2982892413009
DJI,2012,2.05102688289846,7.34473151998377
DOM,2012,4.26087383476958,15.7775986161827
ECU,2012,4.41856904641388,17.9768892375133
EGY,2012,3.20518167013316,6.62166602184756
SLV,2012,3.69909207204662,12.008196524576
ETH,2012,1.52079566569324,3.60827152886709
FJI,2012,4.12683679248078,11.1940600020393
FIN,2012,30.4377270409406,64.8977357039195
FRA,2012,28.0475677993087,67.3515417027618
GAB,2012,3.38188348553668,11.9322404669398
GMB,2012,1.81125379266841,5.64763850464539
GEO,2012,2.83506624271604,9.01374013992265
DEU,2012,28.6080344812974,69.1308758814377
GRC,2012,10.1925333144605,30.5185619976636
GTM,2012,2.78025136836175,11.4957930333071
GIN,2012,1.44332261338042,3.80083720579848
GUY,2012,3.85656178154914,14.0740701053382
HTI,2012,1.67940430145577,5.72820163675111
HUN,2012,10.1768516025011,24.9544702536501
ISL,2012,27.7254135566363,59.1114909978453
IRL,2012,21.669288500608,57.210711592476
ISR,2012,11.981198133121,46.8544854340693
JAM,2012,4.2588015078743,15.2264113603405
JPN,2012,25.6750903229808,61.0343645167182
JOR,2012,5.88463516151585,14.6059455045391
KIR,2012,2.24602653199687,6.18392998107999
KOR,2012,21.1310934412091,52.9935875057145
LVA,2012,8.77926207088434,24.6267724651826
LBN,2012,13.297688886925,33.4311439011788
LSO,2012,1.32476348730492,6.07382796760941
LBR,2012,1.19714925101629,3.20549799083199
LTU,2012,9.7748690070836,26.9963797976007
LUX,2012,34.7450402857847,98.4153017929358
MLT,2012,21.3213495746861,49.2682898852467
MRT,2012,2.67404968842769,7.4342235691997
MEX,2012,3.88780593314384,13.5649014231807
FSM,2012,2.37207722218795,7.87626570584655
MDA,2012,5.1718967017032,11.7284652188542
MNG,2012,5.14513623458239,13.88957932981
MNE,2012,7.16714635612154,19.1139189285509
MAR,2012,4.42895114424486,12.6877386305167
MOZ,2012,0.754677256193392,2.7165006573646
MMR,2012,2.43397110977311,6.18419800002295
NPL,2012,2.36669038675353,5.96374947444313
NIC,2012,3.41987264147875,11.9015892791489
MKD,2012,3.94656161085951,13.9320873144008
PAN,2012,5.75071928937649,27.4734838160931
PNG,2012,1.27491525991964,4.6337119495581
PRY,2012,5.02023623599915,19.9618163128769
POL,2012,8.75393674722082,22.1690546368604
PRT,2012,12.8472579744837,34.0527368229454
ROU,2012,5.63050654074473,12.9170641568794
RUS,2012,9.33581610376273,28.787976988728
WSM,2012,4.24766464388716,12.0767624179127
SYC,2012,8.57258008659469,23.5308128016645
SLE,2012,1.38766100360382,3.61246505286005
SVN,2012,21.0316697124068,42.6568352969154
ZAF,2012,2.09614625278412,14.4880752916877
SSD,2012,0.474569726232153,2.18218900927595
ESP,2012,17.1132769284212,50.3536986304682
LKA,2012,3.34906269559918,9.10879866834302
LCA,2012,5.65733589167108,24.9258430399232
SDN,2012,2.30763340057507,6.29446491295467
SWE,2012,30.7384507993627,67.270086495633
CHE,2012,36.883466806584,92.2737067631514
TWN,2012,21.8989841190755,61.8077170659911
TZA,2012,1.20799800726627,3.25908160681616
THA,2012,6.3259366897824,19.926940564
TLS,2012,1.65086096885015,3.64760427209222
TGO,2012,0.894253447329303,3.70380266369197
TON,2012,4.57253675852181,13.2673013695767
TTO,2012,10.3820229030263,36.1049478667916
TKM,2012,2.9634057469392,9.73648756195461
UKR,2012,8.11245013449484,16.75712075423
USA,2012,25.8163178242884,88.8226395191357
UZB,2012,1.79044696554466,4.54721475324046
VUT,2012,2.23360686449614,6.603213203026
VNM,2012,3.79649482113081,10.5812082308983
PSE,2012,6.02698181090456,16.2441775049965
YEM,2012,2.02722186734131,5.37856285698934
ZWE,2012,1.9336669706703,7.05259858834019
ALB,2013,4.22557838135826,11.0699477163476
DZA,2013,5.11576658077238,11.1818319736955
AUS,2013,29.2989746809109,76.3961151285257
AUT,2013,31.1336097450232,74.0168851798411
AZE,2013,13.4741305168262,25.9085402788208
BLR,2013,12.2177917089973,25.7755806972624
BEL,2013,28.5344001034365,63.4395904954999
BLZ,2013,2.66387803450769,11.5862232252819
BTN,2013,3.84468527595623,11.5507983058845
BOL,2013,4.49218594813789,19.9996695441763
BWA,2013,2.30503027478492,12.2455496359058
BRA,2013,5.63366825573695,25.6070188831454
BGR,2013,8.17852834010504,22.6062818719109
BFA,2013,1.35257790380473,3.41062271941115
BDI,2013,0.807991048883404,2.23562904377437
CPV,2013,3.37454962571199,12.1869884168551
CMR,2013,1.53813141793664,6.40896257111332
CAN,2013,29.0449048160606,79.8644176630489
CAF,2013,0.471124869886715,2.1720537612105
CHL,2013,8.35180545697814,27.2227864157788
CHN,2013,3.96859606758761,13.0272518411011
COL,2013,3.91452837355471,18.0162676183517
COG,2013,1.19587368467664,5.14891821025447
CRI,2013,7.09803239613824,31.439350767151
CIV,2013,1.4068644754433,4.76562236935276
HRV,2013,9.06483686359536,24.1186946075266
CYP,2013,21.3491194326443,53.3609936826618
DNK,2013,31.8658499871947,67.3510342704857
DJI,2013,1.80619527826274,6.3156080592175
DOM,2013,4.32516123504133,16.3400866080532
ECU,2013,4.57659856334134,18.3659877168358
EGY,2013,3.2377102007931,6.68358095732345
EST,2013,13.6786420980149,36.3555707401494
FJI,2013,4.28305816567528,11.4532968479457
FIN,2013,30.0622573732024,64.612292783642
GAB,2013,3.58733001264402,12.5189999345914
GMB,2013,1.98343476257175,5.99672208436189
GEO,2013,3.13759464896098,9.95134709543269
DEU,2013,28.3372708351868,69.3909286747532
GRC,2013,9.89765782212316,29.3485445369532
GTM,2013,2.8077695647068,11.1759501995739
GIN,2013,1.46645186634875,3.86458031932569
GNB,2013,99.99940397351,99.99940397351
GUY,2013,4.02920736583693,14.7046236670866
HTI,2013,1.69239238296103,5.75981890252158
HND,2013,2.04733048911496,10.5309496689813
HUN,2013,10.4335228345637,26.0669749989889
ISL,2013,29.3887630059009,59.8573742899408
IND,2013,1.92958121094048,4.69883878160127
IRN,2013,7.16837704410618,20.9247363417571
IRQ,2013,3.66061367616059,8.62560316227619
IRL,2013,21.7398115503002,56.9862195917637
ISR,2013,12.8483845834604,48.4080946203913
ITA,2013,19.7376254140885,54.7890798479526
JAM,2013,4.24978283988381,15.2012845332247
KAZ,2013,7.61426177201948,16.5302667018756
KEN,2013,1.32476348730492,4.38663411788719
KIR,2013,2.33116395653887,6.37014717481067
KOR,2013,21.4855593994095,53.8504086658324
XKX,2013,4.98322989166068,10.3730429223635
KGZ,2013,3.13027391630925,7.00904309958114
LAO,2013,1.90176945318921,4.97887986330521
LVA,2013,10.0529209517785,27.3461046720433
LBN,2013,12.4355914195452,31.5548908480064
LSO,2013,1.37696617176729,6.21484372293962
LBR,2013,1.27679211345273,3.4027371868559
LTU,2013,10.2859888604164,28.1077165417319
LUX,2013,36.7440894040324,99.4366784268082
MDG,2013,99.99940397351,99.99940397351
MWI,2013,0.757664941001734,2.31881871728663
MYS,2013,10.0842968345226,33.507101320404
MDV,2013,7.39619939665357,19.5009380071496
MLT,2013,22.9292806039949,51.7470430244925
MRT,2013,2.81064576099,7.625672696971
MUS,2013,5.85354608132804,15.5650419861844
FSM,2013,2.18085306102056,7.20352386535938
MDA,2013,5.56821018820154,12.7019065200981
MNG,2013,5.46097481126119,14.1359610956901
MNE,2013,7.20888897379202,19.0665291604313
MOZ,2013,0.764727720637221,2.81277269276975
NAM,2013,2.12328669989167,11.4600886404528
NPL,2013,2.44008681490294,6.14531042176807
NLD,2013,28.7978504232233,62.5377486900047
NIC,2013,3.64471849576942,12.5894030719209
NGA,2013,1.11024770528824,3.7167588966612
MKD,2013,4.28316130417954,14.5989238742099
NOR,2013,42.9116045073177,91.0518204147879
PAK,2013,2.39866360438812,5.32840871268041
PAN,2013,5.86426370149403,28.4683049735226
PNG,2013,1.27582503113905,4.71880399278321
PRY,2013,5.62142008924307,22.8168947769309
PER,2013,4.52861297859749,17.4632533960601
PHL,2013,2.48566621581502,7.90099376921069
POL,2013,8.7672334663166,22.5035417057753
PRT,2013,12.4017032139769,34.3128274186623
ROU,2013,5.64216841957089,12.9332933706082
RUS,2013,9.49721468532055,29.2724386604016
SRB,2013,6.6575034773389,15.5806861378619
SVK,2013,13.6229461714133,29.7625912044305
SVN,2013,20.4913101841245,42.5779579272304
SLB,2013,1.71280381958489,4.8103835764196
ZAF,2013,2.06576289426495,14.4153091155205
SSD,2013,0.524407804759342,2.41404320242814
LKA,2013,3.47617412040661,9.55148899633049
LCA,2013,4.80928505415294,21.5848475386929
SDN,2013,2.28791725709304,5.96364698174278
SWE,2013,30.5918026294202,69.7069148065069
CHE,2013,38.1982027822762,92.246120938311
SYR,2013,2.74079006480413,7.32085565388613
THA,2013,6.72184839428886,20.305966277034
TGO,2013,0.921549640361146,3.74366718015345
TON,2013,4.54908514578376,13.0453309409627
TTO,2013,10.5438997485865,36.6674212851881
TUN,2013,5.22140530102955,14.2566100887778
TUR,2013,7.38022058028705,23.6565027741143
TKM,2013,3.20557931089421,10.532401784691
UGA,2013,1.42164270505326,4.24622820073081
ARE,2013,33.0205167809906,99.99940397351
URY,2013,10.1418886941278,35.1232445948321
UZB,2013,1.89409877211344,4.81406402529587
VUT,2013,2.251324764563,6.64066025370158
VEN,2013,4.32900642702054,17.9797284002728
VNM,2013,3.96474369491122,10.8559732955283
PSE,2013,5.54186940139736,15.1265175163883
YEM,2013,2.07138804901689,5.55398537891508
ZMB,2013,0.676229560823687,3.65827892467294
ZWE,2013,1.79618737936896,6.70666887765629
DZA,2014,5.23329454978947,11.4389502283766
ARM,2014,3.80446804080504,8.92728340718927
AUS,2014,29.8160045436205,77.459225776918
AUT,2014,30.4646286149265,72.6130194626414
BGD,2014,2.03152191248926,4.80021062263455
BLR,2014,12.4797998480412,26.8748777748406
BEL,2014,28.5533136367673,63.4770674168164
BLZ,2014,2.6142006605445,11.4930186364093
BOL,2014,4.72507448506965,19.3460243571694
BWA,2014,2.31658873529265,11.9787646186173
BGR,2014,8.62129732848056,24.0517219613742
BFA,2014,1.39822416407898,3.44284661787874
CPV,2014,3.44394897285242,12.3700112315205
CMR,2014,1.61789595442698,6.96873575711471
CAN,2014,29.3971586432212,80.6347827086898
TCD,2014,1.3246041216645,4.98849785630935
CHN,2014,4.33644584242694,14.0964781751499
COM,2014,1.94406611191671,7.88745698813058
COD,2014,0.650828619656255,2.24102889978308
COG,2014,1.24637478399999,5.37433831483751
CRI,2014,7.22966103430887,30.6815559022155
CIV,2014,1.46980897515563,4.87753258399886
HRV,2014,9.60796715247854,25.5318836244401
DNK,2014,32.5968678098437,67.4914141971929
DJI,2014,1.85764849660596,6.41023736686166
ECU,2014,4.98229175306338,18.3837260629627
EGY,2014,3.29870121798724,6.95283442316076
SLV,2014,3.9842728437805,13.0410562806179
EST,2014,14.8786039078588,39.1226104428258
FIN,2014,30.279729725787,63.9784066497669
FRA,2014,28.1988692691499,67.8600731602266
GMB,2014,2.08801068661197,6.05650000995325
GEO,2014,3.38681390186014,10.2168757439287
DEU,2014,28.5181844858119,69.7366363695059
GHA,2014,2.41068726655139,8.93971034589447
GRC,2014,9.88261099274902,29.4097892095438
GTM,2014,2.82972235428202,10.9186644752905
GNB,2014,99.99940397351,99.99940397351
GUY,2014,4.16396026145706,15.1960181925838
HTI,2014,1.70065642568735,5.7893976318376
HUN,2014,10.9321955808123,27.152950370553
ISL,2014,29.7582239752754,61.7964548696709
IND,2014,1.99991318557719,4.86815109668824
IDN,2014,2.52540754106077,7.39253366045651
IRQ,2014,3.55221162644813,8.36753209193893
IRL,2014,23.7779310928251,60.0025321635182
ITA,2014,19.6319361728361,54.8640305560389
JAM,2014,4.25364628892009,15.2264113603405
JOR,2014,5.48096334363063,13.6074494381905
KIR,2014,2.26244043023757,6.22231938141298
KOR,2014,21.8098519590827,54.4838883985598
KGZ,2014,3.46125091095629,7.20364451481689
LAO,2014,1.96099530446995,5.13169989122092
LVA,2014,11.0658984803488,29.5020857684972
LBN,2014,12.8659148035452,32.3799146402635
LSO,2014,1.43423153028594,6.38634358657481
LBR,2014,1.29979232838425,3.44801813278836
LUX,2014,38.3046981312905,96.7321332325183
MWI,2014,0.805475276921028,2.39061733383358
MYS,2014,10.665564042663,35.6877250751248
MDV,2014,9.09062698969248,23.0578071456864
MLI,2014,23.614883593781,23.614883593781
MRT,2014,2.93603291705319,7.790871217589
MUS,2014,6.01178717022165,16.0085887530817
MEX,2014,3.73784673111149,12.1254867637502
FSM,2014,2.10662888771526,6.93273174192518
MDA,2014,5.67140690181653,12.3568407395908
MNG,2014,5.70064197175027,14.1397056433022
MNE,2014,7.71420654546442,18.8755990663805
MAR,2014,4.63049820385726,13.2086527411066
MMR,2014,2.8245857004311,7.15117791977058
NAM,2014,2.25490175243291,12.6554312747933
NLD,2014,28.8007648376982,63.6832594513511
NER,2014,1.29257792156124,3.44476255685209
NGA,2014,1.1971350226168,3.90957379952757
MKD,2014,4.69495504442085,14.4582759768173
NOR,2014,42.9057856537818,91.4360515839516
PAK,2014,2.53467223760271,5.70433701635379
PAN,2014,6.22463637645726,28.9151778667152
PNG,2014,1.4431388601698,5.25092222398056
PER,2014,4.68570302164534,17.685827401467
PHL,2014,2.52396614360651,8.00942850442962
ROU,2014,4.48271961891637,15.4120312308933
RUS,2014,9.67445657135318,28.4120628848594
RWA,2014,1.01137270309601,3.03407156203521
WSM,2014,4.33258399501893,11.9014113443858
SRB,2014,4.57017811549947,16.4934650412816
SLE,2014,1.59332645875219,4.13610283146355
SVK,2014,13.8572968874956,29.2380373805518
SVN,2014,21.3665574735434,43.4087465706367
ZAF,2014,2.02408639580955,14.2840114073436
LKA,2014,3.54151344572093,9.75063190999047
LCA,2014,5.0294039128274,22.9333713100353
SDN,2014,2.2444220350984,5.60395444681234
SWE,2014,31.6804967492215,70.9145487630482
CHE,2014,36.3156139640503,93.2485672555902
SYR,2014,2.40476963368751,6.4188276609312
TWN,2014,23.4478343516725,57.6578740717034
TJK,2014,3.32814855453498,8.78260362714154
TZA,2014,1.20820814394093,3.33550477440652
TLS,2014,1.83642949627455,4.06041098699405
TON,2014,4.59521769740565,13.0171833136054
TTO,2014,10.3814776900981,36.1024696361495
TUN,2014,5.63036522633779,15.0556493387916
TUR,2014,7.43249801176472,24.71756940203
TKM,2014,3.47124357257905,11.4047386231638
TUV,2014,3.55096007712888,10.8126094814557
UKR,2014,8.40869098620592,16.724700484777
ARE,2014,37.023070479964,99.99940397351
GBR,2014,22.6004113068455,61.9597213482262
USA,2014,26.7451577902456,91.2771488514505
URY,2014,10.8487012529183,37.1815264098607
VUT,2014,2.2754239352889,6.71241092032838
VEN,2014,4.14672250823691,17.2238476252751
VNM,2014,4.15849803935826,11.2171813958093
PSE,2014,5.49207394904655,15.2109522167389
YEM,2014,1.98094207392228,5.34825895482965
ZWE,2014,1.69311962218867,6.36482634094253
ALB,2015,4.28857941528503,11.7470346275503
DZA,2015,5.32725163309643,11.6084699901744
AGO,2015,1.11250972396974,4.8244574939987
AUS,2015,30.0443145060805,78.2836351847738
BLR,2015,11.6361810192692,24.4877380909592
BEL,2015,28.8058258587274,63.9687987335359
BLZ,2015,2.67680478575679,11.9417043501469
BTN,2015,4.59151427171571,14.8528296821051
BOL,2015,4.68883777472071,18.9855983654498
BIH,2015,10.9814693477348,29.5292004617302
BWA,2015,2.19636845356646,11.0394299418719
BRA,2015,5.76793623246268,25.8448326476929
BGR,2015,7.94850459247779,23.4931509376018
CPV,2015,3.57711683598681,12.4726492322883
CMR,2015,1.67405289651074,7.1653194499331
TCD,2015,1.31614759880045,4.96420250098601
CHL,2015,9.10736906896287,28.7464759490709
CHN,2015,4.70714807969621,15.0056986617584
COM,2015,1.91962767502223,7.80550499606989
COD,2015,0.673075761703183,2.31904472747775
COG,2015,1.24913087766985,5.37386488378078
CRI,2015,7.40705635273894,30.8600273279735
CIV,2015,1.54304678425081,5.0170327090121
HRV,2015,10.2437623801129,26.3586966514875
CYP,2015,21.156047152504,51.902010266101
DNK,2015,33.0583509001946,67.3830129750125
DJI,2015,1.93142954503342,6.51388075289546
DOM,2015,5.25340503777457,19.5445356574453
EGY,2015,3.27809244702572,7.03975780538264
SLV,2015,4.25709966784627,13.227097994597
SWZ,2015,1.52722895285917,7.52518394278227
ETH,2015,1.54639444972495,3.78292382376851
FJI,2015,4.7084712342748,12.5748858146098
FIN,2015,30.5759490082141,64.2564562520664
FRA,2015,28.5088105711457,68.1350137033547
GAB,2015,4.01251306701244,13.5148752615492
GMB,2015,2.33837135903031,6.39200941271225
GEO,2015,3.53447325974002,10.3780948309419
DEU,2015,28.7460095940604,70.5047276742505
GTM,2015,2.93356963326162,11.3169630977532
GNB,2015,99.99940397351,99.99940397351
GUY,2015,4.26875738823306,15.5776102599407
HTI,2015,1.66769848486615,5.66580401348711
HND,2015,2.14586518319624,10.5231976448276
HUN,2015,11.7762866353988,28.2551556801449
ISL,2015,32.2511888358454,66.7864752165625
IDN,2015,2.64729087524636,7.62922026930093
IRN,2015,6.65115957167851,20.4244907154452
IRQ,2015,3.52179021960123,8.29548773745551
IRL,2015,24.8813696204374,60.0408581199581
ISR,2015,13.8849017213429,50.8132195657247
ITA,2015,19.6636964407567,56.7731716272498
JAM,2015,4.2555265811349,15.2711861895609
KAZ,2015,7.19902185785904,15.2248130124505
XKX,2015,5.11034120217829,10.9781106683772
KGZ,2015,3.28485744343768,6.97686900239563
LAO,2015,2.01849797442211,5.28503621165819
LSO,2015,1.43585213640946,6.37616847954358
LBR,2015,1.27755450322987,3.51752711542023
LTU,2015,12.1487435288044,33.9729367736526
MWI,2015,0.81795344656638,2.35506303806917
MYS,2015,11.1702772377764,37.5903862230124
MDV,2015,8.39563840548649,20.7833885835779
MRT,2015,2.86532756317465,7.6031332968917
MUS,2015,6.18639919741909,16.398191157479
MEX,2015,3.90416760097266,12.5817841108949
FSM,2015,2.18530707325119,7.18249746043491
MDA,2015,5.83550621876744,12.5512686499257
MNG,2015,5.34678659752755,13.6128746897672
MNE,2015,5.63006698834411,20.34779914681
MAR,2015,4.67214797529499,13.3362212584913
MOZ,2015,0.803272635915503,3.01246266583377
MMR,2015,2.97693462445452,7.59778923249398
NAM,2015,2.34862083680607,13.7919831342346
NIC,2015,4.04911149114401,14.0082638410468
MKD,2015,4.99447781140806,15.450045734327
NOR,2015,43.3791156226344,92.3172925510374
PAK,2015,2.51707314698543,5.69845472129359
PAN,2015,6.87550167725231,31.2199178284351
PNG,2015,1.54985374839759,5.62878373603749
PRY,2015,5.67683590814756,22.905094616427
PER,2015,4.83642500583651,17.6645366365321
WSM,2015,4.46028381132837,12.3409751544548
STP,2015,1.41186401904173,4.4836679967457
SEN,2015,1.45325634407439,4.58242447883979
SRB,2015,7.71517563284607,17.2014427369558
SYC,2015,9.4138710290866,25.7652390965664
SLE,2015,1.2439454256827,3.20703400498053
SVK,2015,14.0455794308593,29.7132876016266
SVN,2015,21.360742282113,43.3762471399915
SLB,2015,1.70306349405153,4.77287550173625
ZAF,2015,1.97766028448124,14.0922961241849
LKA,2015,3.72367310503783,10.2876441685974
LCA,2015,4.89869979979816,22.6173056933612
SDN,2015,2.2979101611611,5.74075566727233
SUR,2015,2.11051539296411,14.1203911098273
SWE,2015,32.2308233007715,72.8770794937209
CHE,2015,36.3819302108607,92.8741498414188
SYR,2015,2.13606865946364,5.70352865892625
THA,2015,7.39152758086441,20.6040214363208
TGO,2015,99.99940397351,99.99940397351
TON,2015,4.65603043344647,13.121473088586
TTO,2015,10.509059285869,36.5464223786359
TUN,2015,5.74252318335661,15.0369598697279
TUR,2015,7.25314436717705,24.1003775829262
TKM,2015,3.63124376518355,11.9298587386316
ARE,2015,29.8022590814863,98.3057512615896
GBR,2015,23.3124568972565,62.2249973726494
VUT,2015,2.09106331723178,6.16475953404838
VNM,2015,4.43299824619904,12.1681472349679
YEM,2015,1.60874240711469,4.34281009521232
ZWE,2015,1.59679843636494,5.99420958528493
ARM,2016,4.02509225296669,10.6140647110813
AUS,2016,30.3654792929141,78.6283197936617
AUT,2016,31.8727704702556,76.6110646564026
BEL,2016,28.6951459041472,62.8549837396183
BLZ,2016,2.76684534896822,12.1442177805021
BOL,2016,4.59349027779279,19.2009545001209
BIH,2016,11.3795648368887,30.632675974028
BWA,2016,2.21456138513325,10.8760610229326
BGR,2016,9.09269236902789,27.1722562805521
BFA,2016,1.4507962471085,3.57298332619312
BDI,2016,0.728492384069207,2.03256785235581
CPV,2016,3.67875284008291,12.9020406029659
CMR,2016,1.70583156890015,7.30021890553191
CAN,2016,30.0884160927671,80.714046037524
CAF,2016,0.506648833154308,2.32760281516225
TCD,2016,1.19725460406537,4.50964014388498
CHL,2016,9.5670535325039,30.0304691938108
COL,2016,4.32022838163943,18.1491597183922
COD,2016,0.66710930640075,2.29771284131872
CRI,2016,7.47498197213101,31.3754933427516
CIV,2016,1.6248266749364,5.28236501743832
HRV,2016,11.3614363597308,28.1391556510897
CYP,2016,22.2793486673958,53.7268880878625
CZE,2016,19.7582534883117,37.8027300452806
DOM,2016,5.49721276421051,20.8487477292451
ECU,2016,4.97188826716591,18.417612912694
EGY,2016,3.12896738580128,6.85070405384389
EST,2016,18.0036277821645,45.9482102821351
FJI,2016,4.80871552689339,12.8384630119229
FRA,2016,29.2068859656653,68.3391160875329
GAB,2016,4.15417326364652,13.7793208225196
GMB,2016,2.38049942392797,6.38376503504997
DEU,2016,29.0831477815741,72.2968551095162
GRC,2016,10.5342288799172,30.046484209709
GIN,2016,1.62518051817879,4.27781010218797
GNB,2016,99.99940397351,99.99940397351
GUY,2016,4.38956622391912,16.0192116176095
HTI,2016,1.6591669101683,5.63710719021411
HUN,2016,12.1374699577665,29.6999710004594
ISL,2016,34.1050349981344,70.5771521815632
IND,2016,2.19529992813062,5.34613192818782
IDN,2016,2.73238200616547,8.27274335060309
IRN,2016,6.4893634713783,20.5394622974679
IRQ,2016,3.94255459168745,9.28753504947873
IRL,2016,25.8092083789741,65.0594191724279
ISR,2016,14.2400774709781,51.6792682754181
ITA,2016,20.3564249420311,57.5939738734559
KAZ,2016,6.604023511522,14.1935754152402
KEN,2016,1.39981828433786,4.52201156699973
KIR,2016,2.57456522607505,7.01963751626718
KOR,2016,22.5044267747163,57.1348596564192
KGZ,2016,3.49115918017056,7.22956325485057
LAO,2016,2.07770512014087,5.44001870683557
LBN,2016,13.0709424537603,32.8960161110117
LSO,2016,1.51648421643127,6.61889165984012
LBR,2016,1.23546923182677,3.52274744741366
LTU,2016,12.3167275787724,35.6032283806945
LUX,2016,36.7265663221769,99.9270615827318
MWI,2016,0.826361916903937,2.31870996099208
MYS,2016,11.6685695232825,39.3489152314268
MDV,2016,9.54937055006989,23.2101315326885
MLI,2016,23.614883593781,23.614883593781
MLT,2016,25.7973178459057,59.1294612198642
MRT,2016,2.83358937503805,7.52566183165352
MUS,2016,6.37723186902763,16.8420027907856
MEX,2016,4.12973656665006,13.1952050532976
MNG,2016,4.59498677892927,11.6032137792599
MNE,2016,5.92738374959479,21.4470866276464
MAR,2016,4.78122048816727,13.6366515432508
MMR,2016,3.21572320381826,7.79610872936282
NAM,2016,2.34556163589591,13.910322911092
NLD,2016,31.9227514644946,69.215289054977
NIC,2016,4.23596217907259,14.6093885499068
NER,2016,1.2978947256485,3.49411184403715
MKD,2016,5.21628149756444,16.1099245712222
NOR,2016,42.6989757722786,91.4634320785951
PAK,2016,2.70477908330779,6.13858544106079
PAN,2016,7.12771697317905,33.9465973790779
PNG,2016,1.58301000479163,5.74208558336658
PRY,2016,5.63457853097578,22.2016587663643
PER,2016,4.81729906880096,18.1743092187916
PHL,2016,2.7131697759143,8.59245729360108
POL,2016,9.95876871048784,24.0998506056322
PRT,2016,14.2682386308136,37.0865558074437
ROU,2016,6.2873669426819,14.7448782286558
RUS,2016,9.1744847603336,26.5809716043974
RWA,2016,1.02901646527386,3.15754761668853
WSM,2016,4.79390890138052,13.253353157268
STP,2016,1.39428462290439,4.53364544639563
SEN,2016,1.5029792583639,4.74718800317719
SRB,2016,5.18540273305122,17.2006230196274
SLE,2016,1.31624225182514,3.37115823273952
SVK,2016,14.9311385928941,29.9482402477451
SVN,2016,22.1879347318422,44.6372702839167
SLB,2016,1.71195421391581,4.7975639625681
ZAF,2016,1.95663211160212,13.9409424286028
SSD,2016,22.343311127408,22.343311127408
ESP,2016,17.4905921691964,51.9721625848201
LKA,2016,3.89944224626007,10.8135433495429
LCA,2016,5.55678018266099,26.0929848812014
SDN,2016,2.34882101739088,5.86813219159475
CHE,2016,36.7892514494539,94.6463597631634
SYR,2016,1.86697755554573,4.98383109216615
TWN,2016,24.3123200200629,59.1132547371246
TZA,2016,1.20898736170999,3.40862607187698
THA,2016,7.24301924229353,20.9207783615217
TLS,2016,1.83530745292939,4.05844978356646
TON,2016,4.79889602681151,13.5239531207599
TTO,2016,9.79559512363412,34.065565709416
TUN,2016,5.79783918923914,15.0557325696459
TUR,2016,7.69848250901518,26.1528376285184
TKM,2016,3.79021623441054,12.452744240592
TUV,2016,3.92604560919257,11.7267367497044
UGA,2016,1.32509684038374,4.19510181225362
ARE,2016,29.9714793709867,98.8642741400714
GBR,2016,24.734955896882,67.1842438384688
USA,2016,28.9276803851543,96.9988534914791
UZB,2016,2.20065948790696,5.58796241064352
VUT,2016,2.10739980433274,6.21415258396001
VNM,2016,4.64107717833127,12.9342720105106
PSE,2016,5.57452260125663,15.7486629928355
ZWE,2016,1.50512670894558,5.55168107402316
ALB,2017,4.29625096138251,12.120368170136
DZA,2017,5.37732607342121,11.717626361413
ARM,2017,4.1335165319954,9.58003223849479
AUS,2017,30.4484112543815,79.4349503373502
AUT,2017,31.9730913264233,75.531865226147
AZE,2017,12.9362490880406,24.8543558438199
BLR,2017,11.4349871881232,23.9874910320084
BEN,2017,0.978728143598295,3.50036218255458
BTN,2017,3.85253308133351,12.304270394072
BOL,2017,4.72526684213211,19.21059183692
BIH,2017,11.7369788519185,31.6108733830468
BWA,2017,2.23170313893304,11.5144563006671
BRA,2017,5.45908309840121,25.6434644981517
BGR,2017,9.26823755988646,26.2423397545458
BFA,2017,1.49893002041893,3.68915790103512
CMR,2017,1.72158614416515,7.36776105367505
CAN,2017,30.5138423928948,81.6055107264921
TCD,2017,1.12496155300646,4.24190771492543
CHL,2017,10.1171647874946,31.5499244360177
CHN,2017,5.39933823401615,17.107041074863
COM,2017,1.96713665188533,7.98057637143332
COG,2017,1.11665941168319,4.8117537071995
CRI,2017,7.78755381762963,32.1817145394464
CIV,2017,1.70618326653651,5.54341387741445
HRV,2017,12.1136374081191,29.6992454124973
CYP,2017,23.4205409186527,56.4446115761035
CZE,2017,20.5440408238059,39.4791003545338
DNK,2017,33.4155915555762,70.7967367755096
DJI,2017,2.10837605568646,6.6728056861579
DOM,2017,6.07238508118291,19.13949208856
EGY,2017,2.99195424503133,6.60595361150232
SLV,2017,4.54721863267222,13.6943460280073
EST,2017,19.384657253787,48.2584350508438
SWZ,2017,1.49415376004909,7.66008060611337
ETH,2017,1.70673108832816,4.19384348183564
FJI,2017,5.0402440625029,13.4564910567803
FRA,2017,29.1365985214784,67.7152872348708
GAB,2017,4.22165037205628,13.9493034889208
GMB,2017,2.42245820083242,6.49557008023098
GEO,2017,3.5172582225459,10.668534772867
GHA,2017,2.42192036271474,9.440869066677
GRC,2017,10.9991869375813,30.149236984687
GTM,2017,3.04130570216664,11.7332448481384
GIN,2017,1.74492768132461,4.58971218602713
GUY,2017,4.45935248846213,16.2744261033172
HTI,2017,1.63487326960861,5.55855428856883
HND,2017,2.12011191620109,10.5997491481255
ISL,2017,36.0031987319303,74.5263039037241
IND,2017,2.28876807583108,5.58265844174494
ITA,2017,20.1147800149518,58.1474325467416
JAM,2017,4.32280888456414,15.9142301335271
JPN,2017,25.588514656824,60.5181930629761
JOR,2017,5.22502947820861,12.9616384446321
KAZ,2017,7.05808313665002,15.239104314999
KEN,2017,1.43389583690141,4.6239941351846
XKX,2017,5.08114949926528,10.9563913263411
KGZ,2017,3.4617532777456,7.25511970731762
LAO,2017,2.41498589047482,6.31486060432308
LBN,2017,13.4184030117765,33.7311746128483
LSO,2017,1.53124753490492,6.52290396273241
LBR,2017,1.23499107977882,3.51897146670812
LTU,2017,13.7663713063644,39.7048350025344
LUX,2017,41.1851650012172,99.8086094124114
MYS,2017,12.2999685592674,41.4750892691274
MLT,2017,25.7686726649705,58.6310595041079
MRT,2017,2.83954758956609,7.53922034681011
MUS,2017,6.56764408876991,17.3490559437517
MEX,2017,5.02098141993365,17.1235943150672
FSM,2017,2.21341776242549,7.24289432184531
MDA,2017,5.86369596241427,12.3024758649542
MNG,2017,4.69101713475778,11.9864560134422
MNE,2017,6.16451391825595,22.2385513189202
MAR,2017,4.8978007266313,13.9927242224498
MOZ,2017,0.816643793676832,3.06212288012885
MMR,2017,3.50601178363613,8.01506180198772
NAM,2017,2.28257085218881,13.5319228821637
NPL,2017,2.590553704156,6.53380221599247
NIC,2017,4.28783475752627,14.8168084780288
NER,2017,1.32044224894908,3.52678308268772
MKD,2017,5.58856756751312,16.9765356884171
NOR,2017,42.7657715135428,90.6305853929902
PAK,2017,2.87446456670254,6.52287882448862
PAN,2017,7.16849883357342,33.393708433339
PNG,2017,1.60341886254925,5.83409225054161
PRY,2017,5.90690840135717,22.0319695906674
PHL,2017,2.83111076772148,8.9662396101766
POL,2017,15.8361920313508,36.5238346828716
ROU,2017,7.27173926748951,23.6752252582302
RUS,2017,9.22895558570275,26.4176256312523
WSM,2017,4.89014931945197,13.3688438620123
SEN,2017,1.56489857374972,4.94136970655323
SRB,2017,5.6510607783116,17.2166117536175
SYC,2017,9.99920767934706,27.3771679178665
SLE,2017,1.35404327873881,3.45709246563647
SVK,2017,15.5611194524898,31.32979092588
ZAF,2017,1.95651774654177,13.9498701084146
ESP,2017,18.1146545257383,52.7286521677527
LKA,2017,3.9528882790171,10.9624853648795
LCA,2017,5.64087839372237,26.5327406968177
SDN,2017,2.39115257851981,5.97321553932927
SWE,2017,32.7478380501554,74.8704313624942
CHE,2017,36.9033265336251,94.1347621927646
SYR,2017,1.51212756233741,4.03704662442828
TWN,2017,24.8820464614805,60.2459356864553
TZA,2017,1.2081307060377,3.44939449260868
THA,2017,7.34880219005842,21.3493092718685
TLS,2017,1.86469461165236,4.12381715207713
TGO,2017,99.99940397351,99.99940397351
TON,2017,4.88847388874403,13.7766535698878
TTO,2017,9.52404527123578,33.121224303169
TUN,2017,5.8366344059248,15.156429162596
TKM,2017,3.96988493345569,13.0423790664685
TUV,2017,4.02476375608459,12.1983909208154
UGA,2017,1.30216403025155,4.14667008451706
ARE,2017,29.8278857479685,98.3906626401789
GBR,2017,24.7399273025336,68.2020533191559
USA,2017,28.6472722131851,99.1874648280671
URY,2017,11.491210780347,38.1658342186857
UZB,2017,2.2603927843193,5.74933374217242
VUT,2017,2.14584780335608,6.3228936069001
PSE,2017,5.5826776957193,15.0850521199093
YEM,2017,1.24394403415866,3.35875859741053
ZWE,2017,1.48617903534236,5.29565538679539
ALB,2018,4.4852226692442,12.6556350611419
DZA,2018,5.41801807132475,11.8426299531584
AGO,2018,0.864285021033746,3.964322184619
ARM,2018,4.06624784226976,9.43838888751244
AUS,2018,30.97288332609,80.9112597666411
AZE,2018,12.9993718710797,24.9963045276667
BGD,2018,2.43421831592554,5.78394501604285
BLR,2018,12.6550979896161,25.8470130356247
BEL,2018,29.8155249439171,64.4723801819716
BLZ,2018,2.4986572088551,10.8685257510244
BEN,2018,1.0185548869457,3.63293024580834
BTN,2018,4.37294760702615,13.9641337585238
BIH,2018,12.1303017947401,32.6718185073365
BRA,2018,5.5423003616838,26.4716182628343
BGR,2018,9.74094168802429,27.5883771591771
BFA,2018,1.55616214508214,3.8325229403445
BDI,2018,0.698389619390237,1.95302042011021
CPV,2018,3.93850019536581,13.7684906997739
CMR,2018,1.74387394805701,7.46450716898564
CAN,2018,30.581721858606,82.352691791994
CAF,2018,0.532745343431373,2.45669187282465
CHL,2018,10.3793730495481,32.3688630950258
CHN,2018,5.92377524354642,18.7792873312836
COL,2018,4.40145006991131,18.4279963090325
COM,2018,1.99555868085172,8.09265962689671
COG,2018,1.10034449215742,4.73350538922366
CRI,2018,7.68275096358557,31.8904382455417
CIV,2018,1.78656560189111,5.80668561094052
HRV,2018,12.6205016119242,30.9168718380052
CYP,2018,23.9176854618439,56.2466097090683
DJI,2018,2.21782101984385,7.01222111591156
DOM,2018,6.47258383206111,20.5397242340638
ECU,2018,4.94378048226788,18.9208232047886
EGY,2018,2.83968185904033,6.23459859789792
SLV,2018,4.77296530707612,14.8653444472379
EST,2018,20.1521223704176,50.1324843411351
SWZ,2018,1.55606636507385,7.79403833821787
ETH,2018,1.7761348250689,4.36446650016111
FJI,2018,5.18433486733148,13.8259341516385
FIN,2018,31.7875665476807,67.4592507603364
FRA,2018,28.5823002433802,68.1683282655743
GAB,2018,4.15019582978106,13.7063113698487
GMB,2018,2.50604943323694,6.72034445592148
GEO,2018,3.58095828484301,10.4883886834493
DEU,2018,28.6083927831036,73.8026724959136
GHA,2018,2.51813750507777,9.81668023206326
GRC,2018,11.146066921105,30.5320853365541
GTM,2018,3.11491625794607,12.0041845116986
GIN,2018,1.79872102703712,4.73644218220303
GNB,2018,99.99940397351,99.99940397351
GUY,2018,4.61958381273459,16.8593036146027
HTI,2018,1.63335619855305,5.55044575984284
HND,2018,2.15342660116038,11.8240856328093
HUN,2018,13.8157750161757,32.7162289586667
ISL,2018,36.9167642594837,76.0093513839859
IND,2018,2.39764258258774,5.85263583233197
IDN,2018,3.10657276748804,9.32010932238714
IRN,2018,6.28832077927627,20.6762794353456
IRQ,2018,3.64097991140782,8.57648370156178
IRL,2018,26.8771613214695,67.8433938278339
ISR,2018,14.7363102005464,53.8054355041017
ITA,2018,20.3162294652178,58.7100454174086
JAM,2018,4.38378111379131,15.638442627005
JPN,2018,25.8283545668271,60.8659170419042
JOR,2018,5.25369935099244,13.0480552269363
KAZ,2018,7.33588642077318,15.8393127827958
KEN,2018,1.48958534976339,4.80422761473917
KIR,2018,2.53346192090662,6.98741633777822
KOR,2018,23.6148494376905,59.3360016302167
XKX,2018,5.30578535813118,11.3971609726042
KGZ,2018,3.66013286143371,7.76027062320709
LAO,2018,2.52500356642391,6.61473947262082
LVA,2018,13.9652801060942,38.3574174133377
LBN,2018,13.1791976631336,33.0928531039674
LSO,2018,1.54026886981961,6.55453444221293
LBR,2018,1.21994631548974,3.47875107833065
LTU,2018,14.4098539088206,40.9702403889426
LUX,2018,41.7406347763445,99.7288356965271
MDG,2018,0.663407684493108,2.15248172998838
MWI,2018,0.848517862636835,2.36387584451695
MYS,2018,13.0996486156642,44.1684254463428
MDV,2018,10.0485854298941,24.4131746893194
MLI,2018,23.614883593781,23.614883593781
MLT,2018,26.7245146743931,60.7437801351879
MRT,2018,2.86169019862307,7.58974647613709
MUS,2018,6.81202627337527,17.9419956770618
MEX,2018,5.17291473029704,17.1893276704509
FSM,2018,2.20903299100953,7.18234216050745
MDA,2018,6.15031112886165,12.4561364506468
MNG,2018,4.84752661679336,12.515043643764
MNE,2018,6.44748110210214,23.2887104242812
MAR,2018,4.99574094576784,14.2551871828991
MOZ,2018,0.820407173378203,3.07593831833648
MMR,2018,3.70073714006032,8.46019507782559
NAM,2018,2.22748473572162,13.2104491451393
NPL,2018,2.61697623868194,6.58971890596783
NLD,2018,32.8747778870064,70.563172617643
NIC,2018,4.04172208363417,13.9884394586169
NER,2018,1.35327484228214,3.61450892738351
NGA,2018,1.29475474514079,3.84041572876921
MKD,2018,5.74178180011665,17.3454078329699
NOR,2018,43.3086650454421,91.754737435369
PAK,2018,3.0086353252782,6.82722977442547
PAN,2018,7.74465900752262,35.1111875183916
PNG,2018,1.5591422919208,5.66712524987915
PRY,2018,6.21163044592136,22.8617733243956
PER,2018,5.13015714442701,18.8571090895519
PHL,2018,2.94778113262575,9.33356726213916
POL,2018,16.5073200083476,38.0922477264513
PRT,2018,15.1719344638694,38.4581135877003
ROU,2018,7.75978986622918,25.0787404551499
RUS,2018,9.31934091463587,26.0635908557405
RWA,2018,1.09478693402157,3.38665856914031
WSM,2018,4.70262244871857,13.0105094342868
STP,2018,1.3540780012769,4.49409687943583
SEN,2018,1.62509025015393,5.12525553915594
SRB,2018,7.9125394267529,19.3575932768513
SYC,2018,10.2783720510942,28.1317743199183
SVK,2018,16.1433500397788,32.3710732014927
SVN,2018,24.0475762923698,46.9246806754377
SLB,2018,1.74900112150065,4.90627394128661
ZAF,2018,1.94539773614525,13.8594660626536
SSD,2018,0.34048671481881,1.56277624920086
ESP,2018,18.3645509487575,53.494070985936
LKA,2018,4.00657275526661,11.1001377040181
LCA,2018,5.64087839372237,26.6383908864364
SDN,2018,2.28159926421715,5.69814143512758
SUR,2018,1.98943282503887,13.4559664064214
SWE,2018,32.9069226463944,75.2357364858244
CHE,2018,36.9883689526293,94.3614526184057
SYR,2018,1.33628936088893,3.56737228338224
TWN,2018,25.4048266972046,61.7032872859695
TJK,2018,3.85437289307646,10.3283499977213
THA,2018,7.24208971838557,21.2100064291087
TLS,2018,1.87123724956797,4.14970252010559
TON,2018,4.84370293148236,13.6529525361443
TTO,2018,9.4613039623557,32.8296210249092
TUN,2018,5.91360884053572,15.3596061939317
TUR,2018,8.12315407447696,26.4110475270231
TKM,2018,4.14870504528518,13.6302410760996
TUV,2018,4.01745195408926,12.3304208915256
UGA,2018,1.33184460628204,4.24110900257149
UKR,2018,8.37158767791038,17.7293991428484
ARE,2018,29.2300607373645,96.4175766202404
GBR,2018,24.9872684236972,68.8744945385127
USA,2018,29.294981149896,99.4979957687538
URY,2018,11.2086113187421,37.7356468696808
UZB,2018,2.33487670673115,5.92815284060161
VUT,2018,2.15941005433675,6.3689072723813
VNM,2018,5.12180179199362,14.3039996998045
PSE,2018,5.22594531134807,14.9215538063642
YEM,2018,1.18216700943521,3.19845917583314
ZMB,2018,0.646052730806962,3.89398585790082
ZWE,2018,1.55557859311115,5.54305411311927
LBN,2019,13.2500604752734,33.2086995953683
MLT,2020,28.0520905839143,63.8213671443176
MRT,2020,3.06187784361286,8.12570298457882
MUS,2020,7.25624352525499,19.1518121679603
MEX,2020,5.16476553948396,17.1634355254473
FSM,2020,2.22742676989479,7.27147496187894
MDA,2020,6.55105713484996,13.2775504663917
MNG,2020,5.18702811700657,13.4013365498119
MNE,2020,6.72622669843866,24.4039782282185
MAR,2020,5.18224534109785,14.7784676560659
MOZ,2020,0.837276854360351,3.13937304197854
MMR,2020,4.07586244872315,9.31814790432826
NAM,2020,2.18197942094779,12.9331820367355
NPL,2020,2.85813862323096,7.20436911035647
NLD,2020,33.6332832798779,72.3036870872247
NIC,2020,3.76809097105859,13.0376904257341
NER,2020,1.40386623808172,3.75582526393993
TWN,2021,26.8686698764096,64.8930502247922
AUT,2018,32.1727862368969,75.8289737549507
BOL,2018,5.01548931086585,18.8958465605017
BWA,2018,2.27307645410391,11.2031503638898
TCD,2018,1.12165293428897,4.22436420426525
COD,2018,0.685836178990386,2.36232699676717
CZE,2018,21.1480559071348,40.6484057682389
DNK,2018,34.1511049487967,72.3269030454184
SLE,2018,1.37486866754855,3.49951717099008
TZA,2018,1.21025953935244,3.48290392208406
TGO,2018,99.99940397351,99.99940397351
BIH,2019,12.41939373262,33.4516562457263
BWA,2019,2.31091592248164,11.3987471674132
GEO,2019,3.74055869326413,10.957416890898
DEU,2019,29.5833556915856,73.5603889061759
GHA,2019,2.63530605574324,10.2669334178994
GRC,2019,11.3630232445527,31.1261432239668
GTM,2019,3.14698971494331,12.140376781938
GIN,2019,1.85249010676679,4.87265830657706
GNB,2019,99.99940397351,99.99940397351
HTI,2019,1.62594559609244,5.49777896124031
HND,2019,2.18560370260226,12.0021641128608
CHE,2019,37.0347021594526,94.42812382759
SYR,2019,1.33628936088893,3.56737228338224
TWN,2019,26.0454045418864,62.9175619292546
CYP,2020,24.6232863587297,57.9530304133569
LVA,2020,14.7233181233786,40.4476232447462
LBN,2020,13.4313418618833,33.7771203296672
LSO,2020,1.55643301113188,6.61790188142645
LBR,2020,1.18863408991049,3.38766117833562
MWI,2020,0.876542401586436,2.44104789608822
MYS,2020,13.8222206526062,49.8746713787435
MDV,2020,10.8508213718495,26.3593088912711
MLI,2020,38.2032277710918,38.2032277710918
UZB,2020,2.49818374902635,6.89825894906217
BGD,2021,2.86437689076143,6.80633276117341
BLR,2021,13.0481273359177,26.4980699414057
BEN,2021,1.11892061003305,3.99977557979943
CPV,2021,4.33626663545963,15.1198389981094
CMR,2021,1.82304663165279,7.80487271916285
CAN,2021,30.9128649197794,83.4382145215513
CAF,2021,0.573063347368468,2.63918658956637
COD,2021,0.70088057941416,2.41408463396876
COG,2021,1.11038257374101,4.78354302962006
CRI,2021,7.95854020571199,32.987870045619
CIV,2021,2.00713568540155,6.52337255291762
HRV,2021,13.7720590316046,33.7543859101852
CYP,2021,24.9569750953463,58.7464161963148
CZE,2021,22.4545029821808,43.2464115815179
DNK,2021,35.1919667299906,74.679498522265
DJI,2021,2.41371516900207,7.59841265345103
DOM,2021,7.17375967998275,22.8303366039121
ECU,2021,4.82873372412569,18.491483374333
EGY,2021,3.09837927502109,6.8047512525229
SLV,2021,4.94576588297309,15.444164647728
EST,2021,21.7117192928971,54.0476450046268
SWZ,2021,1.54724587814881,7.74406682619758
ETH,2021,2.04682123707763,5.02881483272857
FJI,2021,5.51464656179832,14.720358348365
FIN,2021,32.828162607014,69.6040314814961
FRA,2021,30.1775243707918,70.0784471341411
GAB,2021,4.3727064877043,14.4387018053967
GMB,2021,2.71297697278285,7.27339173426942
GEO,2021,4.07188663331475,11.9298717162005
DEU,2021,30.3618468653339,75.9171373297349
GHA,2021,2.77588745834999,10.814673356385
GRC,2021,11.801160220284,32.3439575086982
GTM,2021,3.23562068586908,12.4753823208745
GIN,2021,1.96131279423144,5.1632918570336
GNB,2021,99.99940397351,99.99940397351
GUY,2021,8.64949673009539,31.5657928887358
HTI,2021,1.62362601418074,5.53260972633924
HND,2021,2.25413599968549,12.3772508066833
HUN,2021,15.223580740112,36.0871586331975
ISL,2021,36.4158087337392,74.8604584654694
IND,2021,2.60411276857034,6.35760944697323
IDN,2021,3.44177167496399,10.3262203755654
IRN,2021,5.66432436215949,18.6251918062609
IRQ,2021,3.76587381948419,8.87064165880297
IRL,2021,28.6330458047873,72.292200192932
ISR,2021,15.1727313007324,55.4734949334472
ITA,2021,20.6549596450973,59.705268765208
JAM,2021,4.45747649228277,15.9278853010378
JPN,2021,26.2396745061705,62.3691709645956
JOR,2021,5.39530888073839,13.3852441934269
KAZ,2021,7.81886500558473,16.8820139731289
KEN,2021,1.60860217347159,5.18862472535775
KIR,2021,2.56631895255357,7.06851005097425
KOR,2021,24.780448428121,62.1049370610696
XKX,2021,5.84313361891469,12.5218581560715
KGZ,2021,3.80860844839735,8.0752446550966
LAO,2021,2.87429299669297,7.52545952160246
LVA,2021,15.1206561439187,41.5629664972816
LBN,2021,13.8382412642323,34.7689388654117
LSO,2021,1.58772329284899,6.75634261805132
LBR,2021,1.17516611919666,3.34963839686881
LTU,2021,15.8345783259174,45.011438593926
LUX,2021,42.539576935875,99.8726927876369
MDG,2021,0.705964317251389,2.29048919160516
MWI,2021,0.89585870659747,2.49516529274339
MYS,2021,14.2533886857663,48.053906488576
MDV,2021,11.2064549653368,27.2144016686542
MLI,2021,38.2032277710918,38.2032277710918
MLT,2021,28.6639887996667,65.0554893215712
MRT,2021,3.15621924518142,8.37497804965208
MUS,2021,7.4998266054642,19.8112187275227
MEX,2021,5.20945769087757,17.3117230266863
FSM,2021,2.23581256853616,7.35287981579135
MDA,2021,6.77460345513448,13.7259150517579
MNG,2021,5.33060359997957,13.7640108461103
MNE,2021,6.8912356531393,25.0285542695079
MAR,2021,5.32036948490143,15.1821811940938
MOZ,2021,0.846657818170182,3.17499605529236
MMR,2021,4.26502223795439,9.75199943152699
NAM,2021,2.18969806436309,12.9946374005661
NPL,2021,2.96864161985872,7.58176363758111
NLD,2021,33.9766499242502,73.0835992879107
NIC,2021,3.73606472392319,12.9041844468258
NER,2021,1.42646076831192,3.81226016708725
NGA,2021,1.29049494967,3.82739782965076
MKD,2021,6.24475898700694,18.8609928013023
NOR,2021,44.875002261582,95.0942033664943
PAK,2021,3.08621374952569,7.00454048653644
PAN,2021,8.4593068096167,38.2545989247871
PNG,2021,1.61371215451105,5.85548801138128
PRY,2021,6.4838852610998,24.04853962457
PER,2021,5.45355311336776,20.0467553505347
PHL,2021,3.30075225304784,10.45787080335
POL,2021,17.9804053388343,41.4834058771464
PRT,2021,15.8950244110646,40.3394635064234
ROU,2021,8.47264186252139,27.5475976394707
RUS,2021,9.74973166325607,27.266915407293
RWA,2021,1.26157069917388,3.90331105767657
WSM,2021,5.00613935297467,13.8574825687616
STP,2021,1.39610391446441,4.63364102161519
SEN,2021,1.78258924214526,5.63524385244461
SRB,2021,8.8231518760501,21.3973100756658
SYC,2021,11.0264463048335,30.1458061602325
SLE,2021,1.467298052936,3.73861509273345
SVK,2021,17.2285750323261,34.5634972491735
SVN,2021,25.8421693112954,50.440668906723
SLB,2021,1.77340816921754,4.97578452915883
ZAF,2021,1.92205672579577,13.6936217250623
SSD,2021,0.375706668950354,1.72435182734953
ESP,2021,19.0696578888982,56.2273777197047
LKA,2021,4.2515939660044,11.791073774527
LCA,2021,5.93929415566933,28.0157507849631
SDN,2021,2.03325922066899,5.07718801952448
SUR,2021,2.13882145245289,13.6150050871344
SWE,2021,33.4158163405383,76.3209350618685
CHE,2021,37.1018878219848,94.7846733407836
SYR,2021,1.33628936088893,3.56737228338224
TJK,2021,4.11909897816662,11.0438034116482
TZA,2021,1.29353229763484,3.72268628206041
THA,2021,7.81514829621669,22.8927288513947
TLS,2021,1.7083286593713,3.77699613261029
TGO,2021,1.14284600978927,4.39730303573194
TON,2021,5.30149960233116,14.9260578921836
TTO,2021,9.66366602443298,33.5310473183353
TUN,2021,6.10849553906928,15.8677903046813
TUR,2021,8.30341087545662,27.0220548879868
TKM,2021,4.61743105333294,15.1697485741178
TUV,2021,4.51312258397088,13.6153750074574
UGA,2021,1.44031021552593,4.58182774883674
UKR,2021,9.25338168121246,18.9858497288521
ARE,2021,28.6485418657826,94.5002572516498
GBR,2021,25.5091675235928,70.3622539876571
USA,2021,30.4836205454719,99.4979957687538
URY,2021,11.6711976826811,39.2767954768642
UZB,2021,2.61194688673466,6.63433257853274
VUT,2021,2.21202662780925,6.52229124519803
VEN,2021,4.14672250823691,17.2238476252751
VNM,2021,5.89028799421065,16.445210293686
YEM,2021,1.28093099631712,3.46460146339003
ZMB,2021,0.626257925485762,3.77231355520644
ZWE,2021,1.45395364317513,5.1815391888373
ALB,2019,4.60806323520291,13.0020907721618
DZA,2019,5.44543132332041,11.9028035273153
AGO,2019,0.840407393486139,3.85168086459449
ARM,2019,4.27808990525397,9.92866705807254
AUS,2019,30.97288332609,80.9106232167156
AUT,2019,32.4595018476534,76.3961711300561
AZE,2019,13.1669721374601,25.3177299945712
BGD,2019,2.57589199090154,6.12139186847798
BLR,2019,12.8881301444009,26.2320413443196
BEL,2019,29.9914868252511,64.8403431748397
BLZ,2019,2.50019806159745,10.8268443875428
BEN,2019,1.04936344581527,3.74864334773542
BTN,2019,4.51919764843126,14.4319967247094
BOL,2019,5.11316736964677,19.2935278576446
BRA,2019,5.55193019810362,26.5107615907348
BGR,2019,10.1196516981522,28.6140381204863
BFA,2019,1.59651832507413,3.92911697319026
BDI,2019,0.680028270371847,1.90466186589181
CPV,2019,4.06792017296354,14.1829547650313
CMR,2019,1.76606523795447,7.56784946081967
CAN,2019,30.5819396596653,82.6272893769127
CAF,2019,0.544402550322258,2.50714345296513
TCD,2019,1.11924982611011,4.21522451486861
CHL,2019,10.4345290367465,32.539342425109
CHN,2019,6.16989880197364,19.5603116249517
COL,2019,4.4869204241588,18.7857929998452
COM,2019,1.96676772076028,7.97131643985063
COD,2019,0.693253889576793,2.38830403221699
COG,2019,1.11295386612011,4.79097353144668
CRI,2019,7.74562443177279,32.1304594393683
CIV,2019,1.86084824863859,6.04757474640977
HRV,2019,13.028983266944,31.9868169528308
CYP,2019,24.2596615083696,57.1139634698302
CZE,2019,21.5471443637172,41.41701846194
DNK,2019,34.4431754433796,73.1119822995115
DJI,2019,2.28064289318794,7.1873125314655
DOM,2019,6.65970161402695,21.2374503772919
ECU,2019,4.85786538297892,18.595787712074
EGY,2019,2.91648898762286,6.40442913898769
SLV,2019,4.83479620098923,15.0958159465072
EST,2019,20.691482876335,51.5066190715674
SWZ,2019,1.55674749816859,7.83200648992335
ETH,2019,1.86493829839538,4.58195746698212
FJI,2019,5.27602068935275,14.0896793979145
FIN,2019,32.1106677983799,68.1336702768098
FRA,2019,29.6226267858443,68.8544650724321
GAB,2019,4.20396265538544,13.8901445065921
GMB,2019,2.58079285023648,6.96085298186639
GUY,2019,4.78542665013078,17.4641357577777
HUN,2019,14.3930516887713,34.0942317535925
ISL,2019,36.2720777455103,74.936051362796
IND,2019,2.45540431638832,5.99420134629682
IDN,2019,3.21261467399032,9.63820156766549
IRN,2019,5.71478407286816,18.7917827071848
IRQ,2019,3.66652322007817,8.63463498670526
IRL,2019,27.5539668747377,69.4753373655628
ISR,2019,14.8354494008657,54.2501157431075
ITA,2019,20.3474526792549,58.8118314211336
JAM,2019,4.41639426556044,15.6513487215146
JPN,2019,25.9150392669078,61.4659400817999
JOR,2019,5.27947015602307,13.1024194110765
KAZ,2019,7.49383800219547,16.1811436659774
KEN,2019,1.52505729500349,4.919331869525
KIR,2019,2.54626147712202,7.02141138127337
KOR,2019,23.9666743206366,60.0839550393449
XKX,2019,5.47793057627033,11.7967776601731
KGZ,2019,3.7114376715256,7.86777824730234
LAO,2019,2.63374940807807,6.89878081273242
LVA,2019,14.3572326263809,39.3762428447152
LSO,2019,1.5680077516331,6.66838268406155
LBR,2019,1.19789846623821,3.41417000776267
LTU,2019,14.9356345011413,42.3460363530241
LUX,2019,41.9335353131749,99.7519956056725
MDG,2019,0.676927603468561,2.19712813941676
MWI,2019,0.860200253829432,2.39649529028414
MYS,2019,13.4612753037914,45.3907386447207
MDV,2019,10.4599160777256,25.4517922167522
MLI,2019,23.614883593781,23.614883593781
MLT,2019,27.5406836833555,62.4080749674833
MRT,2019,2.96706192347211,7.87964565103384
MUS,2019,7.02690128181724,18.5384527138036
MEX,2019,5.1478847567715,17.1046022183569
FSM,2019,2.20286538931981,7.27328033939113
MDA,2019,6.32930910348235,12.8441089605609
MNG,2019,5.03878224051079,13.0046350347798
MNE,2019,6.6122132741596,23.9068653341226
MAR,2019,5.06624799158319,14.4571721267236
MOZ,2019,0.81416215192853,3.05271953316676
MMR,2019,3.88827255200274,8.88950130260798
NAM,2019,2.18801812811132,12.9753119069513
NPL,2019,2.74565952424403,6.91343081915429
NLD,2019,33.2576187653521,71.4651926743148
NIC,2019,3.83385503133231,13.2411302018224
NER,2019,1.38022990190167,3.68473094602565
NGA,2019,1.29127064606913,3.8303831800922
MKD,2019,5.89888435699591,17.8068241948722
NOR,2019,43.8077226286024,92.820503328807
PAK,2019,3.0447872047489,6.90987564287411
PAN,2019,7.92227842521239,35.8877669637465
PNG,2019,1.59827022506743,5.81018001201318
PRY,2019,6.1807384296611,22.9462612960739
PER,2019,5.1990767031097,19.1118682733763
PHL,2019,3.05148031990053,9.66257587491465
POL,2019,17.0889102859791,39.4205216865997
PRT,2019,15.4349655254443,39.1416862823883
ROU,2019,8.02605180033236,25.9520671995148
RUS,2019,9.41126203760985,26.3200233812328
STP,2019,1.36033575975853,4.56693762913582
SYC,2019,10.4846052527578,28.673630879896
SLE,2019,1.40769402196705,3.5844746142556
SLB,2019,1.75621541371771,4.92769607067005
ZAF,2019,1.93104925689949,13.7560525889269
SSD,2019,0.358085557399062,1.62660351129093
ESP,2019,18.641398831946,54.2590559858355
LKA,2019,4.05693315220462,11.2513865731464
LCA,2019,5.81396541603802,26.9161345133464
SDN,2019,2.17422882769607,5.4296949800416
SUR,2019,2.10336827012184,13.5567956718335
SWE,2019,32.9937001678183,75.122437704025
TJK,2019,3.95668713844679,10.5762560278804
TZA,2019,1.23289507007149,3.54531845019358
THA,2019,7.40828528362549,21.704663258946
TLS,2019,1.9388496115579,4.28626113546533
TGO,2019,1.09300579046941,4.19333572249906
TON,2019,4.99680927594007,14.0675885823654
TTO,2019,9.42517407097403,32.7772879444018
TUN,2019,5.93646278367459,15.4161322533254
TUR,2019,8.05608766171382,26.2146377429479
TKM,2019,4.24782412910271,13.9556386940135
TUV,2019,4.21683082577839,12.7527466264977
UGA,2019,1.37251861216249,4.36294670864868
UKR,2019,8.7157253535215,17.8790123046427
ARE,2019,28.8610128053031,95.2014460066274
GBR,2019,24.9241956236027,69.2341127260575
USA,2019,29.8869771787231,99.1874648280671
URY,2019,11.2189392313671,37.7520554305269
UZB,2019,2.41655042374937,6.13609239764891
VUT,2019,2.18791220338431,6.44628547174959
VEN,2019,4.14672250823691,17.2238476252751
VNM,2019,5.36464582395856,14.975012022437
YEM,2019,1.17654134691046,3.1767884579631
ZMB,2019,0.641472485059856,3.85892904628099
ZWE,2019,1.43772444548012,5.1221125019938
ALB,2020,4.77767147252854,13.475697153802
DZA,2020,5.46997398262538,11.9561919723645
AGO,2020,0.827159569942665,3.79366113108054
ARM,2020,4.45588727137742,10.3382051821662
AUS,2020,31.1525092507431,80.9304842996691
AUT,2020,32.7555389846968,77.0694115429212
AZE,2020,13.2707109013198,25.5386191150719
BGD,2020,2.71774887071362,6.45816261547933
BLR,2020,12.9770437723408,26.4141883330746
BEL,2020,30.2120574608143,65.2921447921647
BLZ,2020,2.46285013427488,10.9936638990033
BEN,2020,1.08293836199659,3.87078926134069
BTN,2020,4.73560580243894,15.1230920556481
BOL,2020,5.22127592606879,19.6753906648869
BIH,2020,12.7253564197684,34.2635849927916
BWA,2020,2.36125651387335,11.603781190977
BRA,2020,5.61574519384576,26.823451327516
BGR,2020,10.4429869444462,29.5589123814797
BFA,2020,1.6378989414855,4.03255079080265
BDI,2020,0.668596551494516,1.86472807122412
CPV,2020,4.1994005603776,14.6402912334226
CMR,2020,1.79098730686872,7.74120942270559
CAN,2020,31.0560790110368,82.9920540519822
CAF,2020,0.559751126099301,2.57079043553805
TCD,2020,1.14614140423542,4.31988017209593
CHL,2020,10.5397650621603,32.8674793737499
CHN,2020,6.41407556231944,20.3343367009344
COL,2020,4.58938458120535,19.2142455419106
COM,2020,2.00137892603563,8.09459642026558
COD,2020,0.698674809837072,2.40607099638855
COG,2020,1.11600462456333,4.80244208466026
CRI,2020,7.83324509725155,32.525288704484
CIV,2020,1.93499738044707,6.28839100325727
HRV,2020,13.3985435234659,32.7966715699397
CZE,2020,22.0113263945198,42.32595832075
DNK,2020,34.8762396847134,74.0063729782873
DJI,2020,2.32826669274818,7.39631079141118
DOM,2020,6.93320597839126,22.0139050207953
ECU,2020,4.81958362880863,18.4195648563829
EGY,2020,3.00509239549384,6.59976259316919
SLV,2020,4.89355649223101,15.2726965510118
EST,2020,21.2020082399552,53.0550891994136
SWZ,2020,1.55175655529949,7.78186526972832
ETH,2020,1.95432246307045,4.80161536300401
FJI,2020,5.39027039296164,14.3942516749713
FIN,2020,32.4642344075356,68.8525343995995
FRA,2020,29.893290880994,69.305066099228
GAB,2020,4.28302838938593,14.1423084356472
GMB,2020,2.65484114029084,7.112877891436
GEO,2020,3.93100156753417,11.5159395739661
DEU,2020,29.184599913638,74.9875163445192
GHA,2020,2.71415900126122,10.5804131985787
GRC,2020,11.6074003288775,31.7989524003214
GTM,2020,3.18758356237926,12.3009425913447
GIN,2020,1.90490576204004,5.01688090499766
GNB,2020,99.99940397351,99.99940397351
GUY,2020,8.32697414526252,30.3882218471502
HTI,2020,1.61866948991382,5.50147540063447
HND,2020,2.22007069827604,12.1779450748287
HUN,2020,14.8325048774891,35.1353568571448
ISL,2020,36.1231737605716,74.7345278479599
IND,2020,2.52603551920649,6.16654289991369
IDN,2020,3.32326479491413,9.96980818508021
IRN,2020,5.66508666981947,18.6346769753124
IRQ,2020,3.73095668452913,8.78678220516183
IRL,2020,28.1327437783202,70.9342050269297
ISR,2020,14.9901414757775,54.7484748756345
ITA,2020,20.478631369486,59.2032608596734
JAM,2020,4.42220970528996,15.770910005151
JPN,2020,25.8991604503872,61.8077238272591
JOR,2020,5.32578753331617,13.2170577297153
KAZ,2020,7.66125650168283,16.5432530434139
KEN,2020,1.56750830630878,5.05629033728414
KIR,2020,2.57605614706611,7.05243750372946
KOR,2020,24.279743525535,60.5186462697417
XKX,2020,5.66087985837222,12.1394862046029
KGZ,2020,3.75552497057394,7.9617472530779
LAO,2020,2.74935642082933,7.19532427052967
LTU,2020,15.3970407306733,43.7833552398874
LUX,2020,42.187560794463,99.7992247905288
MDG,2020,0.69183068888049,2.24464858037148
NGA,2020,1.29084043831839,3.82838310001669
MKD,2020,6.0757722603398,18.3271939674613
NOR,2020,44.4985761336048,94.3232079380745
PAK,2020,3.05699338378766,6.94015932437425
PAN,2020,8.20527185554013,37.1992318854953
PNG,2020,1.60600939742597,5.83418131630762
PRY,2020,6.31915467598172,23.2923165080569
PER,2020,5.31563499988504,19.541350871435
PHL,2020,3.17144801963217,10.0431278298324
POL,2020,17.5545292016798,40.4957947678451
PRT,2020,15.6785782064557,39.7648165811875
ROU,2020,8.27052015298278,26.7320164865915
RUS,2020,9.5706517101121,26.7661835250796
RWA,2020,1.20158197541266,3.71657661997355
WSM,2020,4.94862504874117,13.6931478403131
STP,2020,1.37427744246857,4.56074726206404
SEN,2020,1.71697341414479,5.4439433367538
SRB,2020,8.47931469225881,20.614800731535
SYC,2020,10.68900921223,30.2163728193688
SLE,2020,1.43555993630346,3.65980876283642
SVK,2020,16.8448195975069,33.7882434255141
SVN,2020,25.2575597676502,49.2877092252501
SLB,2020,1.76659928311425,4.95390648039467
ZAF,2020,1.92360513746655,13.707575666369
SSD,2020,0.368540438266648,1.69680426561924
ESP,2020,18.8719785962984,54.9149309271323
LKA,2020,4.14039653265839,11.4821308646956
LCA,2020,5.83865308574182,27.67938523933
SDN,2020,2.09843786620815,5.23885745065274
SUR,2020,2.12158419868665,13.5645242558882
SWE,2020,33.1365473249302,75.5796779248295
CHE,2020,37.0146218246173,94.4698968959477
SYR,2020,1.33628936088893,3.56737228338224
TWN,2020,26.3459575559608,63.8118838451025
TJK,2020,4.03578058215799,10.8005596736429
TZA,2020,1.3353875779019,3.62756725875153
THA,2020,7.59533580968558,22.2445713590541
TLS,2020,1.92704808462661,4.26094444620074
TGO,2020,1.11638732037931,4.28686927265383
TON,2020,5.16182687700621,14.5933610229939
TTO,2020,9.51072663423356,33.0748858821078
TUN,2020,6.00844507566634,15.6095497197232
TUR,2020,8.1809208111779,26.6051202265073
TKM,2020,4.43232968269255,14.5619873116594
TUV,2020,4.32052920189348,13.1665346328104
UGA,2020,1.40313848521147,4.4642024703647
UKR,2020,8.9754183199941,18.417621617416
ARE,2020,28.7293908082137,94.7670552144933
GBR,2020,25.2990151504994,69.8828578746671
USA,2020,30.1269004437544,99.1874648280671
URY,2020,11.4063716943466,38.3925713446589
VUT,2020,2.2024060005479,6.48449244588843
VNM,2020,5.62027797430162,15.6940521301069
YEM,2020,1.17001754740877,3.16484703036913
ZMB,2020,0.632922299978478,3.82290087014289
ZWE,2020,1.44758290961956,5.15594436946283
ALB,2021,4.95651748242648,13.9632030954872
DZA,2021,5.46798089163827,11.9517342363856
AGO,2021,0.826530938990327,3.79092806461686
ARM,2021,4.63007558348836,10.7421878648754
AUS,2021,31.4475627907887,81.5756855006637
AUT,2021,33.0104073598689,77.6907307048616
AZE,2021,13.3803612655947,25.7415979260867
BEL,2021,30.399807056922,65.7409981389507
BLZ,2021,2.44313871059411,10.7466295710576
BTN,2021,4.91148152182813,15.6547518394904
BOL,2021,5.32069538511222,20.04874794953
BIH,2021,13.0293944921065,35.0852063286919
BWA,2021,2.44340822346923,12.0016737136184
BRA,2021,5.69955217011845,27.224172484509
BGR,2021,10.7531774947671,30.4960779497145
BFA,2021,1.68066931752581,4.13918321773148
BDI,2021,0.655118928611646,1.82516684882906
TCD,2021,1.1702164902144,4.40532899227769
CHL,2021,10.7299840351295,33.4602958476382
CHN,2021,6.67348365423399,21.1565101545276
COL,2021,4.69780754496348,19.6689971434411
COM,2021,2.00844907112078,8.14358858871756
RWA,2019,1.14526909037865,3.54291631825652
WSM,2019,4.79887652262766,13.2704106608853
SEN,2019,1.66883629515398,5.27188030925677
SRB,2019,8.16459371804893,19.8493755588331
SVK,2019,16.4832993623396,33.0401692522683
SVN,2019,24.6126429680995,48.1444342444402
