svy,CountryName,Beta2018,Beta2020,Beta2020high,Beta2020low,GQ2018,GQ2020,GQ2020high,GQ2020low,type,2018,2020,CountryCode,poorBeta2018,poorGQ2018,poorBeta2020,poorGQ2020,poorBeta2020high,poorGQ2020high,poorBeta2020low,poorGQ2020low
AFG_3,Afghanistan,0.352078392003536,0.351854064761953,0.338490648243648,0.365615065091524,0.35193170429863,0.351720065258525,0.33915379385727,0.364746006412752,3,36373.176,38054.941,AFG,12806.2093181416,12800.873820434,13389.7856751263,13384.6863319293,12881.2416479638,12906.4776151646,13913.4597307691,13880.3877540229
AGO_3,Angola,0.473741330223428,0.473917401244622,0.465212830740691,0.482745699238328,0.475190713373287,0.475367916852218,0.466608462669065,0.484253891209395,3,30774.205,32827.401,AGO,14579.0128132685,14623.6164274458,15557.4765715351,15605.0932290424,15271.7281450698,15317.5431140309,15847.286649922,15896.7966725412
ALB_3,Albania,0.00678387350841942,0.00673462827813092,0.00541669231904854,0.00831627330708244,0,0,0,0,3,2934.363,2942.034,ALB,19.9063474197861,0,19.8135053716226,0,15.9360929701796,0,24.466758822729,0
ARE_3,United Arab Emirates,0,0,0,0,0,0,0,0,3,9541.615,9813.17,ARE,0,0,0,0,0,0,0,0
ARG_2,Argentina,0.0041436703170394,0.00415061645500364,0.00383638205954301,0.00449608827682034,0,0,0,0,2,41055.867,41919.857,ARG,170.121977428217,0,173.993248255599,0,160.820587333408,0,188.475377623685,0
ARM_3,Armenia,0.0168706460024983,0.0168126261333502,0.0156001741456585,0.0181536616157184,0,0,0,0.000742918909062576,3,2934.152,2938.679,ARM,49.5010397095224,0,49.4069113529275,0,45.8439041581896,0,53.3477841632178,2.1832001967651
AUS_3,Australia,0.00200639272162679,0.00200629756124305,0.00199147655538302,0.0020216928621318,0,0,0,0,3,24772.247,25398.177,AUS,49.702856079141,0,50.9563005751192,0,50.5798740449683,0,51.34731315206,0
AUT_3,Austria,0.00287249817378347,0.00287231693421901,0.00285496267942783,0.00289031876255297,0,0,0,0,3,8751.82,8782.21,AUT,25.1395869672816,0,25.2252905028676,0,25.0728817928979,0,25.3833863396804,0
AZE_3,Azerbaijan,2.23612881999693e-05,2.23494442021265e-05,2.06822145153195e-05,2.42167254667415e-05,0,0,0,0,3,9923.914,10099.743,AZE,0.22191150102571,0,0.225723642634318,0,0.208885051275596,0,0.244582703515644,0
BDI_3,Burundi,0.695021733840618,0.695255740260939,0.684608855165799,0.705848768612062,0.712455876157901,0.712688786958136,0.702053840237065,0.723192374989887,3,11216.45,11939.227,BDI,7795.6765265366,7991.22571213129,8300.81610602839,8508.95320784783,8173.7005280346,8381.98016481205,8427.28867612988,8634.35792967338
BEL_3,Belgium,0.00254199959988306,0.00254188699090347,0.00252635447710217,0.00255800292109267,0,0,0,0,3,11498.519,11619.972,BEL,29.2292306972478,0,29.5366556614626,0,29.3561682860019,0,29.723922319015,0
BEN_3,Benin,0.503789335206348,0.503487973461934,0.494329292097007,0.512778539569537,0.489895352759739,0.489550753590131,0.47910655214936,0.500200162265044,3,11485.674,12122.985,BEN,5786.36006885683,5626.77831591337,6103.77714995942,5934.81644251185,5992.74659315264,5808.20154510842,6216.4065435234,6063.91906413669
BFA_3,Burkina Faso,0.423393536896836,0.423012585397421,0.409367326723885,0.436808812609658,0.431367877085356,0.430958564668176,0.416291322603164,0.445773805474588,3,19751.651,20903.345,BFA,8362.72137644193,8520.22776080085,8842.37801190426,9008.47555796369,8557.14646223708,8701.88113688023,9130.76530902002,9318.1636477982
BGD_3,Bangladesh,0.158116800526061,0.157494649619644,0.146754236462408,0.168683893312477,0.161045670780212,0.160446769228312,0.150086410969588,0.171203619314425,3,166368.149,169775.309,BGD,26305.599429323,26792.8701521673,26738.7028050218,27239.8998237883,24915.2458424644,25480.9667990628,28638.3601104488,29066.1473710249
BGR_3,Bulgaria,0.0118326976193433,0.0118253627182792,0.0116134542293772,0.0120477689411322,0,0,0,0,3,7036.848,6940.527,BGR,83.2648945772805,0,82.0742492310103,0,80.6034926422566,0,83.6178656256896,0
BIH_3,Bosnia and Herzegovina,0.000981354384486762,0.000980272596737764,0.000940542673110318,0.00102302045666554,0,0,0,0,3,3503.554,3498.21,BIH,3.43822807918613,0,3.42919940063401,0,3.29021578450125,0,3.57874039171196,0
BLR_3,Belarus,0.000358400693787733,0.000358286997436568,0.000350240933676052,0.000366788157753729,0,0,0,0,3,9452.113,9415.431,BLR,3.38764385696005,0,3.37342650256118,0,3.29766934440245,0,3.45346859094735,0
BLZ_3,Belize,0.142642331809276,0.142649902284768,0.138497216357742,0.146946930506108,0.148746551013916,0.148754325777657,0.144479003781387,0.153156577259723,3,382.444,398.007,BLZ,54.5527039464669,56.8872259559662,56.7756596586537,59.2052629397879,55.1228615908957,57.5036548580184,58.4859069699447,60.9573898454106
BOL_3,Bolivia,0.041084339035739,0.041048785574634,0.0393775543061276,0.0427992708114643,0.0414196200900877,0.0413805936334739,0.0395335892696463,0.0432896977394571,3,11215.674,11543.982,BOL,460.788553130323,464.548956134275,473.866441795435,477.696828054137,454.573778113959,456.37504292419,494.074011860669,499.735491489733
BRA_3,Brazil,0.0393538122830263,0.0393389632598122,0.0374422708939039,0.0413017904067513,0.0252884235517635,0.0252730966521747,0.0233108979215624,0.027294762386855,3,210867.954,213863.046,BRA,8298.45787822182,5332.51813424579,8413.15050922554,5404.98143188649,8007.51810252744,4985.3396345004,8832.92670164142,5837.34102389905
BTN_3,Bhutan,0.00233113698091811,0.00225297506389377,0.000703942795039965,0.00492660620237114,0,0,0,0,3,817.054,835.245,BTN,1.90466479480706,0,1.88178615724195,0,0.587964699843156,0,4.11492319749948,0
BWA_3,Botswana,0.20277761786869,0.202650159932481,0.197148656304591,0.208258976223598,0.179649807054336,0.179486462007216,0.172433544307501,0.186671406742511,3,2333.201,2415.766,BWA,473.120940788845,419.159109468985,489.555366259449,433.597292377325,476.265020846316,416.559093597554,503.104953955778,450.954437580729
CAF_3,Central African Republic,0.64890597565433,0.648726151671348,0.640600097067674,0.656866810634696,0.652102656587088,0.651922027350062,0.64375792411133,0.660097510120288,3,4737.423,4920.889,CAF,3074.14209390226,3089.28612367677,3192.30938377187,3208.03593324462,3152.32197105925,3167.86128742228,3232.36866291736,3248.26657647831
CAN_3,Canada,0.00389252771247686,0.00389237552155045,0.00386365723566325,0.00392219961516103,0,0,0,0,3,36953.765,37603.205,CAN,143.843554342858,0,146.365794673844,0,145.285895082378,0,147.487276179821,0
CHE_3,Switzerland,0.000860063797288849,0.000860028380818671,0.000853656730365132,0.000866647032085178,0,0,0,0,3,8544.034,8670.535,CHE,7.34841432620503,0,7.45690617688161,0,7.40166055861644,0,7.51429342434066,0
CHL_3,Chile,0.000373703821601765,0.000373428765061286,0.00035331597004648,0.000395374945964988,0,0,0,0,3,18197.209,18472.639,CHL,6.80036654578604,0,6.89821476919295,0,6.52667836760344,0,7.30361864645572,0
CHN_1,China,0.00988598952191509,0.00983853292477279,0.00894718465724852,0.0108392465943546,0,0,0,0,1,578023.833,549472.347,CHN,5714.3375564552,0,5406.00177721168,0,4916.23055266073,0,5955.86626591178,0
CHN_2,China,0.00167974991130462,0.00167381014817524,0.00156133531779281,0.00179816778143508,0,0,0,0,2,837022.095,875075.919,CHN,1405.98778983626,0,1464.71095364597,0,1366.2869380847,0,1573.53332385549,0
CIV_3,Cote d'Ivoire,0,0,0,0,0,0,0,0,3,24905.843,26171.75,CIV,0,0,0,0,0,0,0,0
CMR_3,Cameroon,0.246286993591932,0.246196113790439,0.239909465840503,0.252624301381448,0.234733888627941,0.234636268716408,0.227893484043875,0.241551107968518,3,24678.234,25958.184,CMR,6077.92805901819,5792.81783129028,6390.80402185714,6090.73143641395,6227.6140576295,5915.70099121196,6557.66809813109,6270.22810605065
COD_3,"Congo, Democratic Republic of",0.752384149947497,0.752283658404487,0.743429987947654,0.761082201016436,0.765847045641123,0.765754360406936,0.757560678231605,0.773842982316744,3,84004.989,89505.201,COD,63204.0222401138,64334.9726447651,67333.300054509,68538.9979448492,66540.8505006823,67805.6207748162,68120.8153794985,69262.9716746996
COG_3,"Congo, Republic of",0.374688523087094,0.374683900415468,0.366512925951886,0.383009229351513,0.371760444012436,0.371755655939078,0.363300177137508,0.380386642142609,3,5399.895,5686.917,COG,2023.27868237539,2007.46736282053,2130.79624289903,2114.14355960609,2084.32858931552,2066.0579534663,2178.14169755602,2163.22726177372
COL_2,Colombia,0.123024370103035,0.122948197723465,0.119127807942637,0.126885866809551,0.115802968801681,0.115721614955408,0.111637135058225,0.119923117938421,2,39956.413,40891.996,COL,4915.61254090174,4627.0712480661,5027.59720951515,4732.08781587009,4871.37384587908,4565.06528025241,5188.61635803271,4903.89565904542
COL_3,Colombia,0.0438834127781932,0.0438398990270659,0.0416746824871628,0.0461063230412211,0.0263138560289312,0.0262585407930222,0.0234841355036633,0.0291181318805087,3,49464.683,50220.412,COL,2170.67910203148,1301.60654697872,2201.65779117765,1318.71473714438,2092.9197244745,1179.3829604578,2315.47853893522,1462.32457970948
COM_3,Comoros,0.198376997709961,0.198361836247968,0.192824237261128,0.204038049683914,0.184475816366067,0.184460173637094,0.178757783675966,0.190327874992539,3,832.347,869.601,COM,165.118498912893,153.547892324847,172.495651163069,160.406751454991,167.680149546514,155.447947442403,177.431692043181,165.509310421387
CPV_3,Cabo Verde,0.0361993785120115,0.0360514011689275,0.0315891705806128,0.0406328689699568,0.0193669748859434,0.0192262265029167,0.0149916796801799,0.0235933011256404,3,553.335,567.348,CPV,20.0303831089439,10.7164250485135,20.4536903503887,10.9079611539768,17.9220527505695,8.50549948319073,23.0529769443671,13.3856122070298
CRI_3,Costa Rica,0,0,0,0,0,0,0,0,3,4953.199,5044.179,CRI,0,0,0,0,0,0,0,0
CYP_3,Cyprus,0.000324034687612663,0.00032396784364326,0.000320090307558524,0.000328015869824748,0,0,0,0,3,1189.085,1207.343,CYP,0.385304786519904,0,0.391140308247784,0,0.386458792198631,0,0.396027664321821,0
CZE_3,Czech Republic,0.00108241427244063,0.0010821677331368,0.00107085642123635,0.00109396301665174,0,0,0,0,3,10625.25,10633.424,CZE,11.5009222482498,0,11.5071483455624,0,11.3868703701287,0,11.6325725963771,0
DEU_3,Germany,0.0024739928146907,0.00247381915913667,0.00245611502787074,0.0024922051283549,0,0,0,0,3,82293.457,82540.45,DEU,203.593421314058,0,204.190146613762,0,202.728839652213,0,205.707732786721,0
DJI_3,Djibouti,0.178214008708686,0.178037163883501,0.171359212730086,0.184946128799884,0.17796853719907,0.177808078913419,0.171753282321488,0.184082281443934,3,971.408,999.899,DJI,173.118513771687,172.880060783474,178.019182129949,177.790120297448,171.3419054496,171.735935239974,184.927449240875,184.063689133508
DNK_3,Denmark,0.00169257588755238,0.00169248064289169,0.00168318459425877,0.00170211973450601,0,0,0,0,3,5754.356,5796.8,DNK,9.73968421399234,0,9.81097179071453,0,9.75708445599923,0,9.86684767698446,0
DOM_3,Dominican Republic,0.00415776917918959,0.0041484253081682,0.00392031570166799,0.00439691197020231,0,0,0,0,3,10882.996,11108.358,DOM,45.2489853460436,0,46.0821934593927,0,43.5482702871493,0,48.8424722594926,0
DZA_3,Algeria,0.00460854686997882,0.00460828040957251,0.0043264648373355,0.00491863346311576,0,0,0,0,3,42008.054,43333.255,DZA,193.596085775601,0,199.69179009951,0,187.479804044793,0,213.140398108728,0
ECU_2,Ecuador,0.201406204428447,0.201435385024934,0.196471288636359,0.206524379838652,0.183506736100805,0.183540708523045,0.177763492587177,0.189467412898838,2,10762.37,11123.641,ECU,2167.60809235459,1974.96739140922,2240.69490771414,2041.64095049599,2185.47608159824,1977.37727444591,2297.30305907281,2107.56748228545
ECU_3,Ecuador,0.0280910917134755,0.0281022286347439,0.0262355609737732,0.0300733354435354,0.0155986339968047,0.0156124376408767,0.0132721265738914,0.0180282128315352,3,16863.425,17335.642,ECU,473.712018278315,263.046394507566,487.170175014069,270.651629689563,454.810292710504,230.080834863668,521.340576995041,312.5306435473
EGY_3,"Egypt, Arab Republic of",0.0291201836514643,0.0290242822955785,0.0258699854779462,0.0325774576144305,0.0178630987052981,0.0176886469547622,0.0117276830113056,0.0239230881179462,3,99375.741,102941.484,EGY,2893.83982842035,1775.15867039514,2987.80269154178,1820.8955674753,2663.09469615823,1207.26509306538,3353.57183177657,2462.67819272415
ESP_3,Spain,0.00621324074322613,0.00621213490491675,0.00613942674837922,0.00628795086955504,0,0,0,0,3,46397.452,46459.219,ESP,288.278539148279,0,288.610936005072,0,285.232971837408,0,292.133286509898,0
EST_3,Estonia,0.000328246338319033,0.000328004006271425,0.000319935474676349,0.000336539634350808,0,0,0,0,3,1306.788,1300.559,EST,0.428948375959253,0,0.426588562392359,0,0.416094961009598,0,0.437689650311652,0
ETH_1,Ethiopia,0.732624233675377,0.732008878136226,0.719412184712082,0.74433999511918,0.732107540353816,0.731451578359433,0.718003383153539,0.744576391053592,1,85207.113,88295.647,ETH,62424.7958653163,62380.7699190797,64633.1975047822,64583.9903604173,63520.9643088368,63396.5732637306,65721.9814570249,65742.8541890019
ETH_3,Ethiopia,0.319900785124699,0.319289991940153,0.307080725489458,0.331800425508525,0.305212139530636,0.30462408760214,0.292940879323196,0.316736904153513,3,107534.882,112759.07,ETH,34400.4931800919,32820.9514093945,36002.8425514792,34349.1288176159,34626.1370211166,33031.7411174658,37413.5074059455,35714.9587470293
FIN_3,Finland,0.000829869711594548,0.000829802081960242,0.000823922033086236,0.000835909434398736,0,0,0,0,3,5542.517,5580.127,FIN,4.59956698429788,0,4.63040100220256,0,4.5975895827194,0,4.66448080444311,0
FJI_3,Fiji,0.0100612914449887,0.0100265253129073,0.00857182088369068,0.0117262063596466,0,0,0,0,3,912.241,924.915,FJI,9.17832256906795,0,9.27368365978768,0,7.92820571263877,0,10.8457441551325,0
FRA_3,France,0.00126230080397359,0.00126220201471554,0.00125274387560914,0.001272029134031,0,0,0,0,3,65233.271,65721.165,FRA,82.3440104291269,0,82.9533868724522,0,82.3317869516477,0,83.5992366024582,0
FSM_2,"Micronesia, Federated States of",0.41685784107241,0.416813145918817,0.411416302644205,0.422313899283943,0.424748528231433,0.424699820551633,0.418811236745774,0.430686921910015,2,24.117,24.716,FSM,10.0533605531433,10.2436602553575,10.3019537145295,10.4968807647542,10.1685653361542,10.3513385274086,10.4379103347019,10.6448579619279
FSM_3,"Micronesia, Federated States of",0.172928955021575,0.172877741217942,0.166740474923391,0.179227943715426,0.17272253715581,0.172673219934475,0.166764216961826,0.178790088167646,3,106.227,107.774,FSM,18.3697241050769,18.3477969544502,18.6317256820224,18.6096836052181,17.9702879443936,17.9728467188438,19.3161124059864,19.2689229621799
GAB_3,Gabon,0.0275800405196094,0.0275519880193143,0.0252993242525666,0.0299532132520561,0.0171785561330153,0.0171436549380678,0.0142971761469937,0.0200879790419644,3,2067.561,2151.289,GAB,57.0234161567641,35.5177126969333,59.2722887540827,36.8809562880609,54.4261579719797,30.7573577760899,64.4380181838024,43.2150483452086
GBR_3,United Kingdom,0.00128493755856153,0.00128483867859518,0.00127111421405939,0.00129914404449156,0,0,0,0,3,66573.504,67334.208,GBR,85.5427956946464,0,86.5135948309729,0,85.5894688812312,0,87.4768353137562,0
GEO_3,Georgia,0.0421674093421619,0.0420549832843674,0.0395217658250817,0.0447584940893983,0.045483226082554,0.0453453666396162,0.0421937259128334,0.0486171212040604,3,3907.131,3898.529,GEO,164.75359223045,177.708922607155,163.952571928621,176.780226860176,154.07675020029,164.493464089233,174.492287203848,189.535256910544
GHA_3,Ghana,0.145788751762061,0.145623381579493,0.140759969368955,0.150643735164014,0.143653610445625,0.14349820709675,0.138929933481991,0.148218405453951,3,29463.643,30733.755,GHA,4295.46773533299,4232.55869383096,4475.55333173565,4410.23873985078,4326.08241239296,4269.83853780181,4629.8476488157,4555.3081597124
GIN_3,Guinea,0.355637129764178,0.355277750004339,0.342978026468792,0.367853149871477,0.351132532168827,0.350768838307263,0.338363005018539,0.36353510573758,3,13052.608,13750.826,GIN,4641.99204505695,4583.19529844709,4885.36252198116,4823.3612617853,4716.23116379575,4652.77080684706,5058.28465743461,4998.90798388906
GMB_3,"Gambia, The",0.109631902038932,0.109432353733574,0.102376216569742,0.116830939633401,0.113755284310649,0.113561601038918,0.106677318564525,0.120711062844213,3,2163.765,2293.493,GMB,237.217672515269,246.139702756432,250.982337261476,260.452737051552,234.799136069188,244.663683386508,267.950942232627,276.849977655762
GNB_3,Guinea-Bissau,0.630028770217729,0.629851425614105,0.621097327212749,0.63863848411567,0.65424185363867,0.654055343398112,0.644825961033545,0.663273993009075,3,1907.268,2000.694,GNB,1201.63371251563,1247.81455170572,1260.13996811759,1308.56460120454,1242.62569597058,1290.09943128405,1277.72018333932,1327.0082981693
GRC_3,Greece,0.00842400754243156,0.0084213079956532,0.00828458497137306,0.00856459947157708,0,0,0,0,3,11142.161,11102.572,GRC,93.8616483029868,0,93.4981783559154,0,91.9802011347873,0,95.0890822843464,0
GTM_3,Guatemala,0.093243031099088,0.0931912968366221,0.0889717506419364,0.0975822723640493,0.0957836731714872,0.0957293173089377,0.0912748960712745,0.100322251660338,3,17245.346,17910.812,GTM,1608.00833339253,1651.82258499321,1669.13179767693,1714.58980520873,1593.5562990586,1634.80750385214,1747.77773484528,1796.85298890501
GUY_3,Guyana,0.122365054810121,0.121496848874686,0.117497412063044,0.125675795381636,0.135838877937414,0.13496828882968,0.130936805039611,0.139144636584013,3,782.225,790.782,GUY,95.7170049988466,106.256566294594,96.0775211468223,106.730493377312,92.9148385060382,103.542468562834,99.3821568234811,110.033074007179
HND_2,Honduras,0.508102271863318,0.507977172498104,0.500103727873209,0.515950877679115,0.51716592595411,0.517039969120946,0.509102072487702,0.525057835175726,2,5376.802,5672.054,HND,2731.96531155923,2780.69878500191,2881.27395317656,2932.67862501234,2836.61535009814,2887.65444666216,2926.50123954334,2978.15639423982
HND_3,Honduras,0.180137645629648,0.180073176221605,0.176040844154587,0.184208048155136,0.166030741277086,0.165965015329015,0.161860170352177,0.1701865775223,3,9417.167,9719.265,HND,1696.38629188121,1563.53921774012,1750.17891908947,1613.05796471176,1710.98761516213,1573.16188859796,1790.36683515253,1654.08844638228
HRV_3,Croatia,0.00621127916799181,0.00620788932663739,0.00609868179985172,0.00632252906751224,0,0,0,0,3,4164.783,4115.947,HRV,25.8686298871065,0,25.5513434503052,0,25.1018510580543,0,26.0231945478398,0
HTI_3,Haiti,0.246567629296345,0.246574814015843,0.238526401937476,0.254843438575887,0.242159874678388,0.242166728986422,0.234505741059131,0.25007366399087,3,11112.945,11371.185,HTI,2740.09250315067,2691.10936850782,2803.84782651475,2753.72267614947,2712.3278438154,2666.60816514548,2897.87188608255,2843.63389686802
HUN_3,Hungary,0.00621003967567382,0.00620710208532101,0.00612751765748577,0.00629027598693898,0,0,0,0,3,9688.847,9621.254,HUN,60.1681242815333,0,59.7201057668031,0,58.9544037721556,0,60.5203430004406,0
IDN_1,Indonesia,0.0488714965624857,0.0486925149918239,0.0437507326032666,0.0540011008921727,0.0555161180913103,0.0553213258595319,0.0498465933174088,0.0610104733545243,1,119191.974,118034.441,IDN,5825.09014761688,6617.07570412039,5747.39378794406,6529.82177320869,5164.09326616704,5883.61477797469,6373.9897571922,7201.33711754667
IDN_2,Indonesia,0.0503034233421656,0.0501047945005288,0.0444962256226845,0.0558790326223051,0.0398786715286505,0.0396847894032086,0.0342133023153963,0.045325244999472,2,147603.006,154188.546,IDN,7424.9364973942,5886.21179291543,7725.58541166533,6118.93997639694,6860.80833124966,5275.29933786939,8615.90679191978,6988.63362356236
IND_1,India,0.251310886976307,0.250584661883532,0.235572034206747,0.266092038162914,0.254616206681454,0.253951685209985,0.24024098205529,0.268172462372147,1,893272.09,900099.113,IND,224489.00124908,227441.551090214,225551.031892772,228581.686602363,212038.179037099,216240.694854216,239509.207526801,241381.795512195
IND_2,India,0.146829520077384,0.146405944923079,0.137650341542953,0.15545459980785,0.144219877430865,0.143807542425728,0.13527829250636,0.152613055416759,2,460779.764,483098.64,IND,67656.0716094904,66453.6010867027,70728.5128802546,69473.2281676117,66498.6927949361,65352.7591313447,75099.9057489167,73727.1595180807
IRL_3,Ireland,0.00104439847266308,0.00104407302541584,0.00103384661889115,0.0010547235664378,0,0,0,0,3,4803.748,4887.992,IRL,5.01702707425835,0,5.1034205956484,0,5.05343400236698,0,5.15548035495945,0
IRN_3,"Iran, Islamic Republic of",0.000511728954933874,0.000513976679965934,0.000458494662129731,0.000578146006951723,0,0,0,0,3,82011.735,83587.129,IRN,41.9677794438638,0,42.9618350513043,0,38.3242524692492,0,48.3255648639085,0
IRQ_3,Iraq,0.0194542359186409,0.0194503318924085,0.0172681832661659,0.0219109711880461,0.0106345050710593,0.0106272711660592,0.00642443672208409,0.015014419820849,3,39339.753,41502.885,IRQ,765.324835843062,418.358802772719,807.244887742461,441.062413068771,716.679424254608,266.632658466433,909.36851745579,623.141739166416
ISL_3,Iceland,0.00115149355568793,0.00115149136507144,0.00114469056216987,0.00115854628949066,0,0,0,0,3,337.78,343.228,ISL,0.388951493240269,0,0.39522407825074,0,0.392889852272441,0,0.397645525849302,0
ISR_3,Israel,0.00231960805947943,0.00231882771457079,0.00224776812386536,0.00239428409393483,0,0,0,0,3,8452.841,8713.559,ISR,19.6072781090982,0,20.2052421017477,0,19.5860601656202,0,20.8627357152627,0
ITA_3,Italy,0.00974019133456513,0.00973965476386071,0.00965852072479466,0.00982397427584696,0,0,0,0,3,59290.969,59132.073,ITA,577.505382471769,0,575.92597649141,0,571.128352570571,0,580.911964029505,0
JAM_3,Jamaica,0.00269002872770424,0.00267826995682104,0.00133513010219678,0.00465625162449403,0,0,0.000101969442499537,0,3,2898.677,2913.16,JAM,7.79752440233555,0,7.80222890741278,0,3.88944760851556,0.297053301111951,13.564405982411,0
JOR_3,Jordan,0.000274289331150371,0.000274086860615029,0.000244068241318481,0.000309006603962655,0,0,0,0,3,9903.802,10208.662,JOR,2.71650722642571,0,2.79806011865994,0,2.49161018055481,0,3.15454397562261,0
JPN_3,Japan,0.00410396281292536,0.00410372975082851,0.00407600966971263,0.00413250870465231,0,0,0,0,3,127185.332,126495.647,JPN,521.963872877566,0,519.103949944202,0,515.597480348556,0,522.744362328126,0
KAZ_3,Kazakhstan,0.000119292552798061,0.000119091791573616,0.000110495487775254,0.000128688657996035,0,0,0,0,3,18403.86,18777.139,KAZ,2.19544344073812,0,2.23620312413682,0,2.07478913282874,0,2.416404818915,0
KEN_3,Kenya,0.362509910803303,0.362239825854273,0.352317822952931,0.372354432052388,0.366022402730324,0.365734331691006,0.355156104155774,0.376526202060546,3,50950.879,53491.697,KEN,18470.1986016399,18649.163152802,19376.8230059295,19563.7500533128,18846.0782330978,18997.9027112011,19917.8704559534,20141.0255131835
KGZ_3,Kyrgyz Republic,0.00654142954768005,0.00652885215743504,0.00566230629613495,0.00755436767776193,0,0,0,0,3,6132.932,6301.718,KGZ,40.1181425987125,0,41.1429851598472,0,35.682257507867,0,47.6054947735706,0
KIR_3,Kiribati,0.121128478097632,0.121098837541113,0.11482744482732,0.127660627743871,0.127548568909635,0.127522696850548,0.122035077493746,0.133238251306703,3,118.414,122.439,KIR,14.343307605453,15.1035362388656,14.8272205696964,15.6137514796842,14.0593575172122,14.9418528532568,15.6306396003319,16.3135582517414
KOR_3,"Korea, Republic of",0.00532791878381721,0.00532709391979451,0.00528018469304679,0.00537589099587933,0,0,0,0,3,51164.435,51506.975,KOR,272.599954299895,0,274.382493349508,0,271.966340980144,0,276.895883127482,0
LAO_3,Lao People's Democratic Republic,0.238465844742755,0.237981000264639,0.226887570946065,0.249374281871026,0.234703854993568,0.234230767364847,0.223431548799158,0.245373316405492,3,6961.21,7164.822,LAO,1660.01082308171,1633.82282241977,1705.09150627809,1678.22175509254,1625.60905984093,1600.84727633028,1786.72234098373,1758.05613559503
LBN_3,Lebanon,0.000689291776375555,0.000689034042666132,0.000669109840268258,0.000710215135911602,0,0,0,0,3,6093.509,6019.795,LBN,4.20020564297043,0,4.14784368487137,0,4.02790407089766,0,4.27534952408498,0
LBR_3,Liberia,0.408912215488393,0.409053301662343,0.397459228528771,0.420856401541656,0.409623678956596,0.409774552416855,0.397390260163135,0.422409343862033,3,4853.516,5103.853,LBR,1984.66198046837,1988.1150797947,2087.74792084925,2091.42907867642,2028.57347590425,2028.2214715044,2147.98920757758,2155.91519689827
LBY_3,Libya,0.0737529775765407,0.073812640118476,0.0686565865564347,0.0793033248406757,0.0807600448131395,0.0808250643120251,0.0751419670736696,0.0867425091116567,3,6470.956,6662.173,LBY,477.252272766781,522.594696543854,491.752578056028,538.470561182837,457.402057228442,500.608784205091,528.332469563779,577.893602155933
LCA_3,St. Lucia,0.0512093665205948,0.0511894819268632,0.049661393754319,0.0527794262675524,0.0467653627576552,0.0467420845689131,0.0449450153898113,0.0485951128559789,3,179.667,181.203,LCA,9.2006332546557,8.40219243057964,9.27568769359339,8.46980595014077,8.99879353246387,8.14417162367997,9.56379037795929,8.80558023484195
LKA_3,Sri Lanka,0.00492952372806314,0.00491519184334997,0.00424628891330637,0.00570428823560884,0,0,0,0,3,20950.041,21084.042,LKA,103.273724213396,0,103.632111263248,0,89.5289337922858,0,120.269452739683,0
LSO_3,Lesotho,0.275446150538648,0.275361954399589,0.268704948112378,0.282172721575477,0.268873402789124,0.268782980925277,0.261641751083095,0.27610518092423,3,2263.01,2322.217,LSO,623.337393130467,608.463199245815,639.450211659951,624.172407615353,623.991198490681,607.588922274931,655.26629097884,641.176144930323
LTU_3,Lithuania,0.00737415523905027,0.00737027449790283,0.00725667418020005,0.00748919085923841,0,0,0,0,3,2876.475,2852.478,LTU,21.2115731912471,0,21.0235458592289,0,20.6995034521887,0,21.3627521637787,0
LUX_3,Luxembourg,0.0031251463925566,0.00312503678338359,0.00310776156348384,0.00314294191188218,0,0,0,0,3,590.321,603.944,LUX,1.8448395436004,0,1.88734721510382,0,1.87691394969669,0,1.89816091002977,0
LVA_3,Latvia,0.00469453530642482,0.00469148196534969,0.00459945717457017,0.00478824005532286,0,0,0,0,3,1929.938,1892.993,LVA,9.0601620802109,0,8.8809425200332,0,8.7067402352611,0,9.06410490704579,0
MAR_3,Morocco,0.00461961930750612,0.00460687213356406,0.00401774846986376,0.00529385158699493,0,0,0,0,3,36191.805,37070.718,MAR,167.192361151497,0,170.780057725411,0,148.940820521251,0,196.246879315341,0
MDA_3,Moldova,0.000575092486993402,0.000573838649464911,0.000538248546988101,0.000613146394322224,0,0,0,0,3,4041.065,4017.687,MDA,2.32398612095199,0,2.30550408205273,0,2.16251419000298,0,2.46343029756527,0
MDG_3,Madagascar,0.759923287037198,0.7597441694405,0.751106165097119,0.768308108857433,0.777300618377734,0.777134707195775,0.769106135631534,0.78504162940082,3,26262.81,27690.798,MDG,19957.7209020334,20414.0984533369,21037.9223276547,21519.4801957474,20798.729094259,21297.1626423334,21275.0646441332,21738.429181329
MDV_3,Maldives,0.00128039509573627,0.00127816643771684,0.00122491187276417,0.00133558701343336,0,0,0,0,3,444.259,458.909,MDV,0.568827044836698,0,0.586562081766198,0,0.562123082618331,0,0.612912900747691,0
MEX_3,Mexico,0.0122665767463571,0.0122632793400759,0.0114647536903269,0.0131332745292015,0,0,0,0,3,130759.074,133870.027,MEX,1603.96621650359,0,1641.6855363645,0,1534.78688607241,0,1758.15181582262,0
MKD_3,North Macedonia,0.0311442507190157,0.0311200705556364,0.0302333259592949,0.0320537454811786,0.0448227274470115,0.0447922365380197,0.0436650658226379,0.0459605050922675,,,,,,,,,,,,
MLI_3,Mali,0.470898773234715,0.470698278993143,0.45825191069049,0.48333006674547,0.485132847960171,0.484914422554841,0.471330262702011,0.498648645507228,3,19107.706,20284.18,MLI,8997.79531472961,9269.77582976565,9547.72861678713,9836.09143169846,9295.26424178982,9560.54788809488,9803.95407327713,10114.6788822248
MLT_3,Malta,0.000873880189579201,0.000873663617915707,0.000865050258515328,0.00088263564986976,0,0,0,0,3,432.089,434.363,MLT,0.377594017235087,0,0.37948715006872,0,0.375745825439493,0,0.383384268784379,0
MMR_3,Myanmar,0.0179276510729661,0.0178253577569733,0.015922943803875,0.0199826190812943,0.00551207426196474,0.00528279783091071,0.000833961448694933,0.00993305855686564,3,53855.735,54808.276,MMR,965.506825358127,296.856810752694,976.977127742931,289.541041568755,872.709098735271,45.7079892534317,1095.21290181044,544.413814908854
MNE_3,Montenegro,0.0170778080250307,0.0170459447437047,0.0159590743787699,0.018209329218558,0.0276074282270524,0.0275644274628275,0.0260714043166641,0.0291084950139613,3,629.219,629.397,MNE,10.7456812877018,17.3711183815977,10.7286664838535,17.3489679518213,10.0445935367747,16.4092636626954,11.4608971821728,18.3207994363022
MNG_3,Mongolia,0.00345603999259461,0.00344373884969107,0.003113135099034,0.00381997496984439,0,0,0,0,3,3121.772,3209.404,MNG,10.7889688797621,0,11.0523492391539,0,9.99130823938011,0,12.2598429481185,0
MOZ_3,Mozambique,0.610276888668771,0.610191988671164,0.600985971866772,0.619413943203956,0.616112736918949,0.616028995024108,0.606947715090604,0.625124408131314,3,30528.673,32309.195,MOZ,18630.9435736263,18809.1042765336,19714.8119494144,19903.4009258879,19417.3729573081,19609.9920816668,20012.7658766956,20197.2664015742
MRT_3,Mauritania,0.0594580054220046,0.0593435633277229,0.0553376492486924,0.063614900805593,0.0671110603031818,0.0669896353314691,0.0626869980766642,0.0714711853027717,3,4540.068,4783.767,MRT,269.943387760269,304.688777328546,283.885779909571,320.462806840716,264.72242033347,299.87999272821,304.318863182069,341.901497702284
MUS_3,Mauritius,0.00255544208573965,0.00255104877521352,0.00242209516450449,0.00269125267498696,0,0,0,0,3,1268.315,1274.114,MUS,3.24110552897489,0,3.2503269591824,0,3.08602535842747,0,3.42896271073833,0
MWI_3,Malawi,0.712504454565789,0.712359101217485,0.702096622645898,0.72246760582713,0.702440628814504,0.702290789305162,0.691735155616929,0.712733480957012,3,19164.728,20283.691,MWI,13654.9540705417,13462.0835873789,14449.2718901332,14245.049362412,14241.110945893,14030.9421503707,14654.3096741073,14456.8656930864
MYS_3,Malaysia,4.40098408788782e-05,4.39151708252785e-05,4.08356764198326e-05,4.73361015669433e-05,0,0,0,0,3,32042.458,32869.323,MYS,1.41018347794814,0,1.44346193445626,0,1.34224103816696,0,1.55590561196467,0
NAM_3,Namibia,0.196940593371007,0.196972975237004,0.193068734719304,0.200952928268684,0.147388367207516,0.147433033773627,0.142051995971518,0.15292686751849,3,2587.801,2696.537,NAM,509.643064466085,381.411764047977,531.144915726664,397.558630592835,520.616986713787,383.048463061049,541.877006334853,412.372956557707
NER_3,Niger,0.436443710461897,0.436208218646247,0.423793461865801,0.448814564264403,0.442259358301242,0.442004787516006,0.428585664965432,0.455631392061632,3,22311.375,24074.693,NER,9737.65929050681,9867.41439031838,10501.5789479853,10641.1295639781,10202.6974898264,10318.0683082436,10805.0728485943,10969.1858850464
NGA_3,Nigeria,0.518940705647246,0.518963992388874,0.509038507769774,0.52901408705965,0.530728782161661,0.53075348118491,0.520210223106386,0.541395771820475,3,195875.237,206152.701,NGA,101647.633707602,103956.625988637,106985.82875271,109416.263711422,104939.663289748,107242.742581194,109057.682914396,111610.200670771
NIC_3,Nicaragua,0.0280236094430917,0.028083287490258,0.0261617483488769,0.0301525710599355,0.0193306720883965,0.0194303765114425,0.0161549999946529,0.0228148236015608,3,6284.757,6416.568,NIC,176.121575612737,121.488576722254,180.19832384479,124.676332151274,167.868637279456,103.65965600569,193.476022580908,146.39286704742
NLD_3,Netherlands,0.00242940943788208,0.00242923367222952,0.00241612003540487,0.00244282936901333,0,0,0,0,3,17084.459,17181.248,NLD,41.5051459357094,0,41.7372661725261,0,41.5119575260598,0,41.9708572107016,0
NOR_3,Norway,0.00309078593916303,0.00309065877180357,0.00307862322183993,0.00310311566936301,0,0,0,0,3,5353.363,5449.693,NOR,16.5460990876356,0,16.8431414740865,0,16.7775514216985,0,16.9110277415179,0
NPL_3,Nepal,0.173571811072533,0.173133843254685,0.163178523996196,0.183430297047694,0.17023819734397,0.169805184400997,0.159969200897764,0.179994341266068,3,29624.035,30260.244,NPL,5141.8974062261,5043.14231645469,5239.07234154452,5138.34631243915,4937.82195168475,4840.70705165137,5550.6455456557,5446.67268533047
PAK_3,Pakistan,0.0377564994870482,0.0376793670607648,0.032589344251396,0.0434261335220879,0.0324323431601205,0.0323133613086954,0.0241283435087579,0.0408390819898143,3,200813.818,208362.334,PAK,7582.0268163092,6512.86265666999,7850.96086442368,6732.88738166507,6790.39183175034,5027.43796903854,9048.37053725788,8509.32644181507
PAN_3,Panama,0.012272428047182,0.0122498063668708,0.0114402828397452,0.0131118877918323,0.00754114744219233,0.00750771210127501,0.00629121211390041,0.00876229113007394,3,4162.618,4289.33,PAN,51.0854298929045,31.3909160835238,52.5434619436099,32.2030547473619,49.0711483930042,26.9850848565164,56.2412136621399,37.5843582129601
PER_3,Peru,0.0204636095027329,0.0204336477158794,0.0191036048473094,0.0218554689065652,0.0165489859481484,0.0165058502339922,0.0145574848709561,0.0185193990527849,3,32551.815,33312.178,PER,666.127630765205,538.699529021728,680.689309900667,549.845821036089,636.382685115235,484.941527253595,728.053270488965,616.921517699403
PHL_3,Philippines,0.102927637954,0.102652149871665,0.0956524101325852,0.109839551890017,0.0861384585509642,0.0858514719836898,0.0785679576742307,0.0933474915222733,3,106512.074,109703.396,PHL,10963.0361904017,9174.78587142623,11261.2894476226,9418.19802820963,10493.3942271294,8619.17177364737,12049.771857453,10240.5368280746
PNG_3,Papua New Guinea,0.385189779975921,0.38517697700036,0.376348052764702,0.394186562006331,0.379687766495064,0.379674047249586,0.370228766644369,0.389343585664565,3,8418.346,8755.675,PNG,3242.66084350117,3196.34299032266,3372.48442809763,3324.30256365202,3295.18123689058,3241.60275638893,3451.36942629478,3408.96589941359
POL_3,Poland,0.00257859824798694,0.00257735992082964,0.00254051636636735,0.00261592430061237,0,0,0,0,3,38104.832,37942.231,POL,98.2570530350369,0,97.7907854862598,0,96.3928588319906,0,99.2540040923479,0
PRT_3,Portugal,0.00261196417299067,0.0026111281780137,0.00256506512239424,0.00265949805285393,0,0,0,0,3,10291.196,10218.413,PRT,26.8802352492249,0,26.6815861188815,0,26.2108947925199,0,27.1758494767573,0
PRY_3,Paraguay,0.0113357998338933,0.0113238658646087,0.0105959617120533,0.0121122307525037,0,0,0,0,3,6896.908,7066.33,PRY,78.1819685607775,0,80.0181730750606,0,74.8745621247336,0,85.5890195333398,0
PSE_3,West Bank and Gaza,0,0,0,0,0,0,0,0,3,5052.776,5322.629,PSE,0,0,0,0,0,0,0,0
ROU_3,Romania,0.0267386667082362,0.0267114960116749,0.0259136549470876,0.0275504968180616,0.0355817420267313,0.0355461883009808,0.0344934640904281,0.0366353944331143,3,19580.634,19388.362,ROU,523.560046461959,696.713067707844,517.892154235909,689.182366499581,502.423322857225,668.77176841922,534.159005588427,710.300289282005
RUS_3,Russian Federation,9.48920531319828e-05,9.48045045283596e-05,8.97065523410163e-05,0.000100370722045537,0,0,0,0,3,143964.709,143786.842,RUS,13.6611068155584,0,13.6316403135075,0,12.8986218678224,0,14.4319891521875,0
RWA_3,Rwanda,0.531998332854927,0.531456716814877,0.520577412678222,0.542416856374722,0.544430737114868,0.54386823704879,0.532554138717512,0.555236175375715,3,12501.156,13087.173,RWA,6650.59415075936,6806.01357586796,6955.2659949683,7117.69770746253,6812.88665961228,6969.62814526208,7098.70323749215,7266.47188300032
SDN_3,Sudan,0.132732230688709,0.133066621740009,0.124738263965709,0.141821416223879,0.142714666771652,0.143027372991709,0.135203168621683,0.151178147179096,3,41511.526,43541.203,SDN,5509.91744527234,5924.30360027278,5793.88078970594,6227.58388198873,5431.2540731985,5886.90861119993,6175.07507355139,6582.47839548888
SEN_3,Senegal,0.376443277622012,0.376131358659565,0.366409700074015,0.386046483230472,0.379185869457417,0.378846381352175,0.368272899631495,0.389644092708089,3,16294.27,17200.154,SEN,6133.86840525803,6178.55693712391,6469.51729317375,6516.21610160014,6302.30326836687,6334.35058768826,6640.05896272254,6701.93839976941
SLB_3,Solomon Islands,0.263012261646259,0.26293938172616,0.252787435035944,0.273360489783184,0.258098951033776,0.258026953433143,0.248024479141482,0.268349853458291,3,623.281,647.297,SLB,163.930545451142,160.868172299283,170.199872973198,167.020072876413,163.628548336462,160.545501274844,176.945424955185,173.702055093991
SLE_3,Sierra Leone,0.399978875129611,0.399719072382567,0.386386808889636,0.413242764606218,0.401389796869042,0.401118485631808,0.387215317152291,0.415259010045212,3,7719.729,8046.931,SLE,3087.72852172543,3098.62045519406,3216.51179484652,3227.77277670365,3109.22799044509,3115.8949392676,3325.33601303548,3341.56060096212
SLV_3,El Salvador,0.0112071985559009,0.0111951159072434,0.0102799774877029,0.0122033716557367,0,0,0,0,3,6411.558,6479.066,SLV,71.8556035586747,0,72.5338948406798,0,66.6046526213414,0,79.0664503800472,0
SOM_3,Somalia,0,0,0,0,0,0,0,0,3,15181.925,16105.174,SOM,0,0,0,0,0,0,0,0
SRB_3,Serbia,0.000620337774887966,0.000618992275490065,0.00058514636518415,0.000656008718514436,0,0,0,0,3,8762.027,8703.942,SRB,5.43541633268828,0,5.38767286431355,0,5.09308002407366,0,5.70986183744397,0
SSD_3,South Sudan,0.417351749497206,0.417228400148165,0.409650111285738,0.424959922630232,0.422437357728682,0.422302171751149,0.413993337635869,0.430771670315672,3,12919.053,13610.007,SSD,5391.78937139712,5457.49061367681,5678.48144661533,5747.53551364835,5575.34088214967,5634.45222317754,5783.70752171691,5862.80544839799
STP_3,Sao Tome and Principe,0,0,0,0,0,0,0,0,3,208.818,218.011,STP,0,0,0,0,0,0,0,0
SUR_3,Suriname,0.270663560008928,0.270625981802287,0.26651653511242,0.274844068356838,0.263267169845658,0.263230340555634,0.259207339749787,0.26736905851562,3,568.301,577.752,SUR,153.818371816634,149.614995890457,156.354702238235,152.081855716699,153.980461194271,149.757558955119,158.7917101813,154.473008295516
SVK_3,Slovak Republic,0.00960518317218342,0.00960298016074645,0.00951720400448522,0.00969228269613247,0.00436704341175562,0.00436121676300758,0.00413368858502751,0.00459673327394774,3,5449.816,5451.4,SVK,52.346480934696,23.7995830580804,52.3496860482932,23.7747370618595,51.8820859100507,22.5343899524189,52.8365098896965,25.0586317695987
SVN_3,Slovenia,0.000783543671516051,0.000783334125202873,0.000775713966807312,0.000791272880221296,0,0,0,0,3,2081.26,2082.055,SVN,1.6307581017795,0,1.63094473204927,0,1.615079143161,0,1.64747365662915,0
SWE_3,Sweden,0.0033695490339449,0.00336943238880134,0.00335095673060294,0.00338858743227743,0,0,0,0,3,9982.709,10121.686,SWE,33.6372274671031,0,34.1043366376771,0,33.9173318267496,0,34.2982179730584,0
SWZ_3,Eswatini,0.308105844971292,0.308097345528883,0.302339610330997,0.313964509022636,0.303031653467957,0.303020090131563,0.295165234573813,0.310979593534575,3,1391.385,1439.295,SWZ,428.693851105382,421.633697160514,443.442968932994,436.135300625907,435.155889451353,424.829846295917,451.887548013735,447.591374076347
SYC_3,Seychelles,0.0104233716131557,0.0104188681074849,0.0102376495386158,0.0106090730178329,0,0,0,0,3,95.235,96.112,SYC,0.992669795578879,0,1.00137825154659,0,0.983960972455445,0,1.01965922588996,0
SYR_3,Syrian Arab Republic,0.0104311776447088,0,0,0,0,0,0,0,3,18284.407,18924.442,SYR,190.727897545157,0,0,0,0,0,0,0
TCD_3,Chad,0.393555693826271,0.393460433818492,0.38454272513039,0.402553663861676,0.388608735904755,0.388507767108864,0.379070706782763,0.398160468607757,3,15353.184,16285.093,TCD,6042.3329815624,5966.3814263531,6407.5397565545,6326.8851185902,6262.31404122183,6173.20171353303,6555.62385347814,6484.0802602009
TGO_3,Togo,0.473379627021284,0.473170799130763,0.464005549141214,0.482488084911188,0.486380166106469,0.486156358080206,0.476317962381561,0.496125729261672,3,7990.926,8384.291,TGO,3782.74156943468,3886.6279152245,3967.20167261487,4076.07637764465,3890.35754961474,3993.58840513406,4045.32050792811,4159.66248671707
THA_3,Thailand,7.62485856809155e-11,7.55302128944297e-11,5.40870012772721e-11,1.06670699222191e-10,0,0,0,0,3,69183.173,69410.868,THA,5.2751190941681e-06,0,5.24261763722715e-06,0,3.75422570617257e-06,0,7.40410582317922e-06,0
TJK_3,Tajikistan,0.0444139849784103,0.0443122680387281,0.040855682535333,0.0480261225455375,0.044260211660211,0.0441397091864428,0.0399747440359155,0.0484716393749801,3,9107.211,9475.246,TJK,404.487532549213,403.087086494201,419.869640484886,418.234602910006,387.117642520184,378.770533527332,455.059325545114,459.280707101223
TKM_3,Turkmenistan,0.499373309360816,0.498947394076037,0.487875749686851,0.510144210285342,0.504513577814703,0.504078786839289,0.492769916629557,0.515501879601763,3,5851.466,6031.195,TKM,2922.06594103229,2952.14404712109,3009.24902841443,3040.19745879118,2942.47378213259,2971.9914573266,3076.77921035191,3109.09235874475
TLS_3,Timor-Leste,0.316330763679732,0.316995028802769,0.301863525025355,0.332488249696484,0.311215560751388,0.311879540072233,0.296820808202531,0.327440964194831,3,1324.094,1381.4,TLS,418.851666203751,412.078656697548,437.896932788145,430.830396655782,416.994273470025,410.028264450977,459.299268130723,452.32694793874
TON_3,Tonga,0.00275634080367552,0.00274429314884837,0.00232581242203908,0.00324695768566961,0,0,0,0,3,109.008,111.037,TON,0.300463198327061,0,0.304718078368677,0,0.258251233905953,0,0.360532440543697,0
TTO_3,Trinidad and Tobago,0.0333644810885513,0.0333541592160125,0.0313705161855023,0.0354653743140234,0.0323730976895165,0.0323591041746502,0.0296308442696287,0.0351811620276535,3,1372.598,1377.729,TTO,45.7960200131834,44.4352491424349,45.9529924225177,44.5820762354366,43.2200698937359,40.8232734447512,48.8616746882852,48.4701071791971
TUN_3,Tunisia,0.00190876830307794,0.00190699987213008,0.00175656140083277,0.00207554016787684,0,0,0,0,3,11659.174,11903.136,TUN,22.2546617712704,0,22.699278829947,0,20.908589246463,0,24.7054368917008,0
TUR_3,Turkey,0.000163227700901061,0.000163068694781076,0.000145485350843772,0.000183437795681307,0,0,0,0,3,81916.871,83835.75,TUR,13.3711025183388,0,13.6709863284926,0,12.1968735020008,0,15.3786451792891,0
TUV_3,Tuvalu,0.0273918324694207,0.0272983445934826,0.0246294678827432,0.030222358961861,0.0216655889153202,0.0215187665369878,0.0172025838436455,0.025989190874369,3,11.287,11.499,TUV,0.309171613082351,0.244539502087219,0.313903664480456,0.247444296408823,0.283214251183664,0.19781251161808,0.34752690570244,0.298849705864369
TWN_3,"Taiwan, China",0,0,0,0,0,0,0,0,3,23694.089,23817.905,TWN,0,0,0,0,0,0,0,0
TZA_3,Tanzania,0.475799496820556,0.475499028252551,0.463556240266667,0.487557624466684,0.485046987669165,0.484734451692994,0.472302661742049,0.497267239542232,3,59091.392,62774.619,TZA,28115.6545800262,28662.1016867778,29849.2703334242,30429.0205212016,29099.5663678125,29648.619643543,30606.2441164412,31215.7615034454
UGA_3,Uganda,0.408253423373849,0.407979574378213,0.397663989641997,0.418450041286197,0.415795522619433,0.415499313581986,0.404333915521561,0.426816461243328,3,44270.563,47187.703,UGA,18073.6088994376,18407.5018792415,19251.6189858256,19606.4582060106,18764.8502370216,19079.5887184585,19745.6962685508,20140.4884086612
UKR_3,Ukraine,0.000706998496057433,0.000706138495285963,0.000679118206945655,0.000735193943254114,0,0,0,0,3,44009.214,43579.234,UKR,31.1144481106697,0,30.7729747224749,0,29.5954512541451,0,32.0391888884537,0
URY_3,Uruguay,4.1748589234229e-05,4.17057558841913e-05,3.85377697609941e-05,4.52476116135692e-05,0,0,0,0,3,3469.551,3494.387,URY,0.144848859526208,0,0.145736051186892,0,0.134665881661811,0,0.158112665803505,0
USA_3,United States,0.00531899697024815,0.00531827171942946,0.00527006692879453,0.00536838876316755,0,0,0,0,3,326766.748,331431.534,USA,1738.07134258984,0,1762.64295419932,0,1746.66636649304,0,1779.25332288499,0
UZB_3,Uzbekistan,0.59330649921516,0.5928315248851,0.579855072240221,0.605849665901159,0.605255699178573,0.604745775888274,0.590786177223165,0.618692084865455,3,32364.996,33235.825,UZB,19202.3624738726,19589.0982828917,19703.2448155643,20099.2247769119,19271.9617063383,19635.2659986081,20135.9134721994,20562.7418614734
VEN_3,"Venezuela, Republica Bolivariana de",0.106274715511883,0.106568692855632,0.10420287058652,0.109025460620133,0.112310753957305,0.112594949466343,0.110303751714277,0.114964594808531,3,32381.221,33172.392,VEN,3441.30504970242,3636.75934456812,3535.13845433462,3735.04380091773,3456.65847062133,3659.03929093666,3616.63531767161,3813.65060510975
VNM_3,Vietnam,0.0129742550795277,0.0129352203132436,0.0121708750306119,0.0137651906535605,0.00138347000282825,0.00128947361552204,0,0.00324471310123354,3,96491.146,98360.145,VNM,1251.90074111995,133.492606029521,1272.31014561758,126.832811796422,1197.12903278786,0,1353.94614863686,319.150451120731
VUT_3,Vanuatu,0.143428090110886,0.143369346145801,0.136039221762735,0.150976484926228,0.144701631465644,0.144646250626391,0.13772963271596,0.151813621333061,3,282.117,293.934,VUT,40.4635024978127,40.822790164193,42.1411253900199,42.5164510316176,39.9865526096078,40.4834218627328,44.3771221203059,44.6231849729119
WSM_3,Samoa,0.00676156672777635,0.00674861027436356,0.0059775664102007,0.00763304448085794,0,0,0,0,3,197.695,200.117,WSM,1.33672793424775,0,1.35051164227481,0,1.19621265731013,0,1.52750196237585,0
XKX_3,Kosovo,0.00436999795203718,0.00436280943148238,0.00415299992292633,0.00459076666807352,0,0,0,0,,,,,,,,,,,,
YEM_3,"Yemen, Republic of",0.207744583024634,0.207579750184993,0.197859551963406,0.217586869378874,0.20341806668042,0.203254746788439,0.193638505466896,0.213186368573705,3,28915.284,30245.305,YEM,6006.99361761888,5881.89116879528,6278.31285616893,6147.50180931411,5984.32249629655,5856.65565759043,6580.98122835922,6447.88673935412
ZAF_3,South Africa,0.264571643216474,0.264587198268469,0.261145094583527,0.268098604450172,0.210221992905587,0.21025163671342,0.203669420976392,0.216919638801961,3,57398.421,58721.229,ZAF,15185.994562001,12066.4104522539,15536.8854599912,12346.2345070735,15334.7609012659,11959.7187094521,15743.079546499,12737.7877846872
ZMB_3,Zambia,0.542779731227714,0.542827325079085,0.535761238616869,0.549986028983994,0.568867208580648,0.568915336853974,0.561748225944728,0.57613197989709,3,17609.178,18679.273,ZMB,9557.90490198097,10017.2839342598,10139.619797012,10626.9248909823,10007.6304389426,10493.0484696873,10273.3391815779,10761.7265365283
ZWE_3,Zimbabwe,0.33448298619078,0.334588371284875,0.325609024904695,0.343716105760254,0.33908741384249,0.339209329507741,0.328803464332252,0.349748953968734,3,16913.261,17680.465,ZWE,5657.19804550406,5735.07393213305,5915.67798790925,5997.37867803508,5756.91896851158,5813.39814300513,6077.06057783047,6183.72413943082
