CountryCode,DisplayName,region,Level,ProjYear,variable,line,old.PovertyLine,old.value,PovertyLine,value,PovertyLine_2,value_2,diff,diff2
AGO,Angola,SSA,National,2018,HeadCount,EPL,1.9,0.4712,2.195249,0.4491413,2.308158,0.471618,-0.0220587,0.000417999999999974
AGO,Angola,SSA,National,2018,HeadCount,LPL,3.2,0.6932878,3.642544,0.6716606,3.987638,0.7040532,-0.0216272,0.0107654
AGO,Angola,SSA,National,2018,HeadCount,UPL,5.5,0.8703756,6.11676,0.847721,5.943204,0.8387121,-0.0226546000000001,-0.0316635000000001
ALB,Albania,ECA,National,2018,HeadCount,EPL,1.9,0.01423106,2.195249,0.008687419,2.308158,0.01218212,-0.005543641,-0.00204894
ALB,Albania,ECA,National,2018,HeadCount,LPL,3.2,0.08775227,3.642544,0.06319358,3.987638,0.08423862,-0.02455869,-0.00351364999999999
ALB,Albania,ECA,National,2018,HeadCount,UPL,5.5,0.3521727,6.11676,0.2789183,5.943204,0.263197,-0.0732544,-0.0889757
ARE,United Arab Emirates,OHI,National,2018,HeadCount,EPL,1.9,0,2.195249,0,2.308158,0,0,0
ARE,United Arab Emirates,OHI,National,2018,HeadCount,LPL,3.2,0,3.642544,0,3.987638,0,0,0
ARE,United Arab Emirates,OHI,National,2018,HeadCount,UPL,5.5,0,6.11676,0,5.943204,0,0,0
ARG,Argentina,LAC,National,2018,HeadCount,EPL,1.9,0.01007636,2.195249,0.09811694,2.308158,0.1078792,0.08804058,0.09780284
ARG,Argentina,LAC,National,2018,HeadCount,LPL,3.2,0.03038254,3.642544,0.2403139,3.987638,0.2786588,0.20993136,0.24827626
ARG,Argentina,LAC,National,2018,HeadCount,UPL,5.5,0.09557091,6.11676,0.4705999,5.943204,0.457203,0.37502899,0.36163209
ARM,Armenia,ECA,National,2018,HeadCount,EPL,1.9,0.02081727,2.195249,0.01452873,2.308158,0.01872671,-0.00628854,-0.00209056
ARM,Armenia,ECA,National,2018,HeadCount,LPL,3.2,0.1302014,3.642544,0.09399795,3.987638,0.1246794,-0.03620345,-0.005522
ARM,Armenia,ECA,National,2018,HeadCount,UPL,5.5,0.5035146,6.11676,0.4008658,5.943204,0.3793155,-0.1026488,-0.1241991
AUS,Australia,OHI,National,2018,HeadCount,EPL,1.9,0.004984838,2.195249,0.004984838,2.308158,0.004984838,0,0
AUS,Australia,OHI,National,2018,HeadCount,LPL,3.2,0.007444149,3.642544,0.007444149,3.987638,0.007444149,0,0
AUS,Australia,OHI,National,2018,HeadCount,UPL,5.5,0.007444149,6.11676,0.007444149,5.943204,0.007444149,0,0
AUT,Austria,OHI,National,2018,HeadCount,EPL,1.9,0.003180896,2.195249,0.003180896,2.308158,0.003274168,0,9.32720000000002e-05
AUT,Austria,OHI,National,2018,HeadCount,LPL,3.2,0.003982924,3.642544,0.003982924,3.987638,0.00436399,0,0.000381066
AUT,Austria,OHI,National,2018,HeadCount,UPL,5.5,0.00682883,6.11676,0.00682883,5.943204,0.006358795,0,-0.000470035
AZE,Azerbaijan,ECA,National,2018,HeadCount,EPL,1.9,0,2.195249,0,2.308158,0,0,0
AZE,Azerbaijan,ECA,National,2018,HeadCount,LPL,3.2,0,3.642544,0,3.987638,0,0,0
AZE,Azerbaijan,ECA,National,2018,HeadCount,UPL,5.5,8.66141e-05,6.11676,0.0008064227,5.943204,0.0004009374,0.0007198086,0.0003143233
BDI,Burundi,SSA,National,2018,HeadCount,EPL,1.9,0.7818653,2.195249,0.7389542,2.308158,0.75709,-0.0429111,-0.0247752999999999
BDI,Burundi,SSA,National,2018,HeadCount,LPL,3.2,0.9226947,3.642544,0.8990362,3.987638,0.9170829,-0.0236585,-0.00561179999999995
BDI,Burundi,SSA,National,2018,HeadCount,UPL,5.5,0.9771712,6.11676,0.9677397,5.943204,0.9652546,-0.00943150000000004,-0.0119166000000001
BEL,Belgium,OHI,National,2018,HeadCount,EPL,1.9,0.001314533,2.195249,0.001314533,2.308158,0.001517584,0,0.000203051
BEL,Belgium,OHI,National,2018,HeadCount,LPL,3.2,0.002020924,3.642544,0.002020924,3.987638,0.002185893,0,0.000164969
BEL,Belgium,OHI,National,2018,HeadCount,UPL,5.5,0.00303386,6.11676,0.00303386,5.943204,0.00303386,0,0
BEN,Benin,SSA,National,2018,HeadCount,EPL,1.9,0.4512338,2.195249,0.4753868,2.308158,0.5028237,0.024153,0.0515899
BEN,Benin,SSA,National,2018,HeadCount,LPL,3.2,0.7198444,3.642544,0.7358271,3.987638,0.7872716,0.0159826999999999,0.0674271999999999
BEN,Benin,SSA,National,2018,HeadCount,UPL,5.5,0.8983982,6.11676,0.8990264,5.943204,0.896227,0.000628199999999968,-0.00217120000000004
BFA,Burkina Faso,SSA,National,2018,HeadCount,EPL,1.9,0.3481708,2.195249,0.3219561,2.308158,0.3664897,-0.0262147,0.0183189
BFA,Burkina Faso,SSA,National,2018,HeadCount,LPL,3.2,0.7133407,3.642544,0.689855,3.987638,0.7352474,-0.0234857000000001,0.0219066999999999
BFA,Burkina Faso,SSA,National,2018,HeadCount,UPL,5.5,0.9044036,6.11676,0.8874157,5.943204,0.8797449,-0.0169878999999999,-0.0246586999999999
BGD,Bangladesh,SAS,National,2018,HeadCount,EPL,1.9,0.0783727,2.195249,0.06145714,2.308158,0.0775505,-0.01691556,-0.000822200000000009
BGD,Bangladesh,SAS,National,2018,HeadCount,LPL,3.2,0.4048386,3.642544,0.3484447,3.987638,0.4248168,-0.0563939,0.0199782
BGD,Bangladesh,SAS,National,2018,HeadCount,UPL,5.5,0.7795677,6.11676,0.7311929,5.943204,0.7124778,-0.0483747999999999,-0.0670898999999999
BGR,Bulgaria,ECA,National,2018,HeadCount,EPL,1.9,0.01328792,2.195249,0.01371766,2.308158,0.01552974,0.00042974,0.00224182
BGR,Bulgaria,ECA,National,2018,HeadCount,LPL,3.2,0.02903497,3.642544,0.03181781,3.987638,0.03841621,0.00278284,0.00938124
BGR,Bulgaria,ECA,National,2018,HeadCount,UPL,5.5,0.06791006,6.11676,0.07474152,5.943204,0.06902885,0.00683146000000001,0.00111879000000001
BIH,Bosnia and Herzegovina,ECA,National,2018,HeadCount,EPL,1.9,0.0005898651,2.195249,0.0005898651,2.308158,0.0005898651,0,0
BIH,Bosnia and Herzegovina,ECA,National,2018,HeadCount,LPL,3.2,0.002420837,3.642544,0.003632492,3.987638,0.006088364,0.001211655,0.003667527
BIH,Bosnia and Herzegovina,ECA,National,2018,HeadCount,UPL,5.5,0.02182315,6.11676,0.02373708,5.943204,0.02182315,0.00191393,0
BLR,Belarus,ECA,National,2018,HeadCount,EPL,1.9,0,2.195249,0,2.308158,0,0,0
BLR,Belarus,ECA,National,2018,HeadCount,LPL,3.2,0.0002201219,3.642544,0,3.987638,0,-0.0002201219,-0.0002201219
BLR,Belarus,ECA,National,2018,HeadCount,UPL,5.5,0.004409214,6.11676,0,5.943204,0,-0.004409214,-0.004409214
BLZ,Belize,LAC,National,2018,HeadCount,EPL,1.9,0.1391808,2.195249,0.2079034,2.308158,0.2262098,0.0687226,0.087029
BLZ,Belize,LAC,National,2018,HeadCount,LPL,3.2,0.2841973,3.642544,0.4309426,3.987638,0.4727214,0.1467453,0.1885241
BLZ,Belize,LAC,National,2018,HeadCount,UPL,5.5,0.533162,6.11676,0.6588334,5.943204,0.6551161,0.1256714,0.1219541
BOL,Bolivia,LAC,National,2018,HeadCount,EPL,1.9,0.0448496,2.195249,0.03104482,2.308158,0.03344057,-0.01380478,-0.01140903
BOL,Bolivia,LAC,National,2018,HeadCount,LPL,3.2,0.1064477,3.642544,0.07477362,3.987638,0.08825443,-0.03167408,-0.01819327
BOL,Bolivia,LAC,National,2018,HeadCount,UPL,5.5,0.2309369,6.11676,0.1585626,5.943204,0.1525502,-0.0723743,-0.0783867
BRA,Brazil,LAC,National,2018,HeadCount,EPL,1.9,0.04441416,2.195249,0.0516733,2.308158,0.05528775,0.00725914,0.01087359
BRA,Brazil,LAC,National,2018,HeadCount,LPL,3.2,0.09175606,3.642544,0.1036981,3.987638,0.116953,0.01194204,0.02519694
BRA,Brazil,LAC,National,2018,HeadCount,UPL,5.5,0.1991707,6.11676,0.2184544,5.943204,0.2102121,0.0192837,0.0110414
BTN,Bhutan,SAS,National,2018,HeadCount,EPL,1.9,0.007489954,2.195249,0.006576405,2.308158,0.007505706,-0.000913549,1.5752e-05
BTN,Bhutan,SAS,National,2018,HeadCount,LPL,3.2,0.0793282,3.642544,0.0637691,3.987638,0.08757313,-0.0155591,0.00824493
BTN,Bhutan,SAS,National,2018,HeadCount,UPL,5.5,0.3125969,6.11676,0.2689406,5.943204,0.2569092,-0.0436563,-0.0556877
BWA,Botswana,SSA,National,2018,HeadCount,EPL,1.9,0.1472884,2.195249,0.1487975,2.308158,0.1662949,0.00150909999999999,0.0190065
BWA,Botswana,SSA,National,2018,HeadCount,LPL,3.2,0.3684931,3.642544,0.3615955,3.987638,0.4071785,-0.0068976,0.0386854
BWA,Botswana,SSA,National,2018,HeadCount,UPL,5.5,0.5931678,6.11676,0.5793403,5.943204,0.5686061,-0.0138275,-0.0245617
CAF,Central African Republic,SSA,National,2018,HeadCount,EPL,1.9,0.7164539,2.195249,0.6898759,2.308158,0.7038971,-0.026578,-0.0125567999999999
CAF,Central African Republic,SSA,National,2018,HeadCount,LPL,3.2,0.8643733,3.642544,0.8423547,3.987638,0.8629679,-0.0220186,-0.0014054
CAF,Central African Republic,SSA,National,2018,HeadCount,UPL,5.5,0.9455178,6.11676,0.931645,5.943204,0.9286314,-0.0138728,-0.0168864
CAN,Canada,OHI,National,2018,HeadCount,EPL,1.9,0.002429948,2.195249,0.004964854,2.308158,0.004964854,0.002534906,0.002534906
CAN,Canada,OHI,National,2018,HeadCount,LPL,3.2,0.004964854,3.642544,0.004964854,3.987638,0.004964854,0,0
CAN,Canada,OHI,National,2018,HeadCount,UPL,5.5,0.00739849,6.11676,0.00739849,5.943204,0.00739849,0,0
CHE,Switzerland,OHI,National,2018,HeadCount,EPL,1.9,0,2.195249,0,2.308158,0,0,0
CHE,Switzerland,OHI,National,2018,HeadCount,LPL,3.2,0.0002182594,3.642544,0.0002182594,3.987638,0.0002182594,0,0
CHE,Switzerland,OHI,National,2018,HeadCount,UPL,5.5,0.0006367268,6.11676,0.0006367268,5.943204,0.0006367268,0,0
CHL,Chile,LAC,National,2018,HeadCount,EPL,1.9,0.002768941,2.195249,0.003393736,2.308158,0.003627044,0.000624795,0.000858103
CHL,Chile,LAC,National,2018,HeadCount,LPL,3.2,0.006706816,3.642544,0.009979284,3.987638,0.01266928,0.003272468,0.005962464
CHL,Chile,LAC,National,2018,HeadCount,UPL,5.5,0.03447358,6.11676,0.05038155,5.943204,0.04572416,0.01590797,0.01125058
CHN,China,EAP,National,2018,HeadCount,EPL,1.9,0.002676889,2.195249,0.004864456,2.308158,0.006125972,0.002187567,0.003449083
CHN,China,EAP,National,2018,HeadCount,LPL,3.2,0.02876343,3.642544,0.04752223,3.987638,0.06600133,0.0187588,0.0372379
CHN,China,EAP,National,2018,HeadCount,UPL,5.5,0.1700388,6.11676,0.2115957,5.943204,0.198696,0.0415569,0.0286572
CIV,Cote d'Ivoire,SSA,National,2018,HeadCount,EPL,1.9,0.2149993,2.195249,0.2707417,2.308158,0.2947073,0.0557424,0.079708
CIV,Cote d'Ivoire,SSA,National,2018,HeadCount,LPL,3.2,0.4944328,3.642544,0.5555516,3.987638,0.6028089,0.0611188,0.1083761
CIV,Cote d'Ivoire,SSA,National,2018,HeadCount,UPL,5.5,0.7635616,6.11676,0.7982606,5.943204,0.7859167,0.034699,0.0223551000000001
CMR,Cameroon,SSA,National,2018,HeadCount,EPL,1.9,0.2130478,2.195249,0.2365888,2.308158,0.2572973,0.023541,0.0442495
CMR,Cameroon,SSA,National,2018,HeadCount,LPL,3.2,0.4165719,3.642544,0.4392655,3.987638,0.4763686,0.0226936,0.0597967
CMR,Cameroon,SSA,National,2018,HeadCount,UPL,5.5,0.6538607,6.11676,0.6688634,5.943204,0.6529421,0.0150027,-0.000918599999999992
COD,"Congo, Democratic Republic of",SSA,National,2018,HeadCount,EPL,1.9,0.7072918,2.195249,0.6757667,2.308158,0.6985432,-0.0315251,-0.0087486
COD,"Congo, Democratic Republic of",SSA,National,2018,HeadCount,LPL,3.2,0.8813536,3.642544,0.8584464,3.987638,0.8831995,-0.0229071999999999,0.00184590000000007
COD,"Congo, Democratic Republic of",SSA,National,2018,HeadCount,UPL,5.5,0.9668903,6.11676,0.9553128,5.943204,0.9523404,-0.0115775,-0.0145499
COG,"Congo, Republic of",SSA,National,2018,HeadCount,EPL,1.9,0.4013314,2.195249,0.3701927,2.308158,0.3933872,-0.0311387,-0.00794420000000001
COG,"Congo, Republic of",SSA,National,2018,HeadCount,LPL,3.2,0.6443111,3.642544,0.60693,3.987638,0.649115,-0.0373811000000001,0.00480389999999997
COG,"Congo, Republic of",SSA,National,2018,HeadCount,UPL,5.5,0.8404075,6.11676,0.808963,5.943204,0.7976344,-0.0314445,-0.0427731
COL,Colombia,LAC,National,2018,HeadCount,EPL,1.9,0.04113336,2.195249,0.04669388,2.308158,0.05219524,0.00556052,0.01106188
COL,Colombia,LAC,National,2018,HeadCount,LPL,3.2,0.1087088,3.642544,0.1214202,3.987638,0.144647,0.0127114,0.0359382
COL,Colombia,LAC,National,2018,HeadCount,UPL,5.5,0.2777425,6.11676,0.2910687,5.943204,0.2793125,0.0133262,0.00157000000000002
COM,Comoros,SSA,National,2018,HeadCount,EPL,1.9,0.1690509,2.195249,0.1786394,2.308158,0.1874615,0.0095885,0.0184106
COM,Comoros,SSA,National,2018,HeadCount,LPL,3.2,0.3587654,3.642544,0.3674431,3.987638,0.4044474,0.00867770000000001,0.045682
COM,Comoros,SSA,National,2018,HeadCount,UPL,5.5,0.6131424,6.11676,0.6107291,5.943204,0.6026791,-0.00241329999999995,-0.0104633
CPV,Cabo Verde,SSA,National,2018,HeadCount,EPL,1.9,0.02362083,2.195249,0.03411735,2.308158,0.0422349,0.01049652,0.01861407
CPV,Cabo Verde,SSA,National,2018,HeadCount,LPL,3.2,0.12101,3.642544,0.1492934,3.987638,0.190881,0.0282834,0.069871
CPV,Cabo Verde,SSA,National,2018,HeadCount,UPL,5.5,0.3556745,6.11676,0.3925508,5.943204,0.379653,0.0368763,0.0239785
CRI,Costa Rica,LAC,National,2018,HeadCount,EPL,1.9,0.01418491,2.195249,0.01589448,2.308158,0.01761026,0.00170957,0.00342535
CRI,Costa Rica,LAC,National,2018,HeadCount,LPL,3.2,0.03609675,3.642544,0.03954394,3.987638,0.04693785,0.00344719,0.0108411
CRI,Costa Rica,LAC,National,2018,HeadCount,UPL,5.5,0.1091242,6.11676,0.1136878,5.943204,0.1074308,0.0045636,-0.0016934
CYP,Cyprus,OHI,National,2018,HeadCount,EPL,1.9,0.0003282886,2.195249,0.0003282886,2.308158,0.0003282886,0,0
CYP,Cyprus,OHI,National,2018,HeadCount,LPL,3.2,0.0005130247,3.642544,0.0005130247,3.987638,0.0005130247,0,0
CYP,Cyprus,OHI,National,2018,HeadCount,UPL,5.5,0.0005130247,6.11676,0.0005130247,5.943204,0.0005130247,0,0
CZE,Czech Republic,ECA,National,2018,HeadCount,EPL,1.9,0,2.195249,0,2.308158,0,0,0
CZE,Czech Republic,ECA,National,2018,HeadCount,LPL,3.2,0.001187588,3.642544,0.001187588,3.987638,0.001187588,0,0
CZE,Czech Republic,ECA,National,2018,HeadCount,UPL,5.5,0.004449393,6.11676,0.003522778,5.943204,0.003522778,-0.000926615,-0.000926615
DEU,Germany,OHI,National,2018,HeadCount,EPL,1.9,0,2.195249,0,2.308158,0,0,0
DEU,Germany,OHI,National,2018,HeadCount,LPL,3.2,0.002406784,3.642544,0.002406784,3.987638,0.002406784,0,0
DEU,Germany,OHI,National,2018,HeadCount,UPL,5.5,0.004999123,6.11676,0.004999123,5.943204,0.004999123,0,0
DJI,Djibouti,MNA,National,2018,HeadCount,EPL,1.9,0.1653337,2.195249,0.1897068,2.308158,0.2008819,0.0243731,0.0355482
DJI,Djibouti,MNA,National,2018,HeadCount,LPL,3.2,0.3877862,3.642544,0.4179205,3.987638,0.471984,0.0301342999999999,0.0841978
DJI,Djibouti,MNA,National,2018,HeadCount,UPL,5.5,0.6929082,6.11676,0.7122882,5.943204,0.6959495,0.0193800000000001,0.00304130000000002
DNK,Denmark,OHI,National,2018,HeadCount,EPL,1.9,0.001409052,2.195249,0.001409052,2.308158,0.001409052,0,0
DNK,Denmark,OHI,National,2018,HeadCount,LPL,3.2,0.001710614,3.642544,0.001710614,3.987638,0.001710614,0,0
DNK,Denmark,OHI,National,2018,HeadCount,UPL,5.5,0.00220796,6.11676,0.00220796,5.943204,0.00220796,0,0
DOM,Dominican Republic,LAC,National,2018,HeadCount,EPL,1.9,0.004349852,2.195249,0.008769393,2.308158,0.0109432,0.004419541,0.006593348
DOM,Dominican Republic,LAC,National,2018,HeadCount,LPL,3.2,0.02598212,3.642544,0.04118416,3.987638,0.05487961,0.01520204,0.02889749
DOM,Dominican Republic,LAC,National,2018,HeadCount,UPL,5.5,0.138435,6.11676,0.1718659,5.943204,0.1595325,0.0334309,0.0210975
DZA,Algeria,MNA,National,2018,HeadCount,EPL,1.9,0.003301132,2.195249,0.003493851,2.308158,0.004056622,0.000192719,0.00075549
DZA,Algeria,MNA,National,2018,HeadCount,LPL,3.2,0.02332829,3.642544,0.02386034,3.987638,0.03629712,0.000532049999999999,0.01296883
DZA,Algeria,MNA,National,2018,HeadCount,UPL,5.5,0.2146696,6.11676,0.2029659,5.943204,0.1852911,-0.0117037,-0.0293785
EAP,East Asia & Pacific,Aggregates,Regional,2018,HeadCount,EPL,1.9,0.013210593553053,2.195249,0.0165070971541995,2.308158,0.0200411652759342,0.00329650360114651,0.00683057172288117
EAP,East Asia & Pacific,Aggregates,Regional,2018,HeadCount,LPL,3.2,0.0755678964830475,3.642544,0.0920069157962362,3.987638,0.117211691496878,0.0164390193131887,0.0416437950138303
EAP,East Asia & Pacific,Aggregates,Regional,2018,HeadCount,UPL,5.5,0.254410014303584,6.11676,0.282288335594608,5.943204,0.268950503913156,0.027878321291024,0.0145404896095715
ECA,Europe & Central Asia,Aggregates,Regional,2018,HeadCount,EPL,1.9,0.0117736031570975,2.195249,0.0265391525614461,2.308158,0.029625630174556,0.0147655494043486,0.0178520270174585
ECA,Europe & Central Asia,Aggregates,Regional,2018,HeadCount,LPL,3.2,0.0443789869214379,3.642544,0.0630510309977068,3.987638,0.0717996453840363,0.0186720440762689,0.0274206584625984
ECA,Europe & Central Asia,Aggregates,Regional,2018,HeadCount,UPL,5.5,0.11984727425107,6.11676,0.130576293330148,5.943204,0.124863070442221,0.0107290190790776,0.00501579619115076
ECU,Ecuador,LAC,National,2018,HeadCount,EPL,1.9,0.03311491,2.195249,0.03575591,2.308158,0.03949938,0.002641,0.00638447
ECU,Ecuador,LAC,National,2018,HeadCount,LPL,3.2,0.09658606,3.642544,0.0969858,3.987638,0.1128681,0.000399739999999996,0.01628204
ECU,Ecuador,LAC,National,2018,HeadCount,UPL,5.5,0.2420329,6.11676,0.237157,5.943204,0.2268104,-0.00487589999999999,-0.0152225
EGY,"Egypt, Arab Republic of",MNA,National,2018,HeadCount,EPL,1.9,0.03247788,2.195249,0.004439661,2.308158,0.00531534,-0.028038219,-0.02716254
EGY,"Egypt, Arab Republic of",MNA,National,2018,HeadCount,LPL,3.2,0.2630573,3.642544,0.05679055,3.987638,0.08541968,-0.20626675,-0.17763762
EGY,"Egypt, Arab Republic of",MNA,National,2018,HeadCount,UPL,5.5,0.7057169,6.11676,0.3586853,5.943204,0.3338389,-0.3470316,-0.371878
ESP,Spain,OHI,National,2018,HeadCount,EPL,1.9,0.006780911,2.195249,0.006877568,2.308158,0.007086381,9.6657e-05,0.00030547
ESP,Spain,OHI,National,2018,HeadCount,LPL,3.2,0.01092378,3.642544,0.01063159,3.987638,0.01183901,-0.000292189999999999,0.000915230000000001
ESP,Spain,OHI,National,2018,HeadCount,UPL,5.5,0.02145559,6.11676,0.0202142,5.943204,0.01938819,-0.00124139,-0.0020674
EST,Estonia,ECA,National,2018,HeadCount,EPL,1.9,0.00268706,2.195249,0.00268706,2.308158,0.003218222,0,0.000531162
EST,Estonia,ECA,National,2018,HeadCount,LPL,3.2,0.005317482,3.642544,0.005510665,3.987638,0.00586382,0.000193183,0.000546338
EST,Estonia,ECA,National,2018,HeadCount,UPL,5.5,0.009805772,6.11676,0.009805772,5.943204,0.009576397,0,-0.000229375
ETH,Ethiopia,SSA,National,2018,HeadCount,EPL,1.9,0.2231319,2.195249,0.2150019,2.308158,0.2439853,-0.00813,0.0208534
ETH,Ethiopia,SSA,National,2018,HeadCount,LPL,3.2,0.5770096,3.642544,0.5502602,3.987638,0.6307101,-0.0267494,0.0537005
ETH,Ethiopia,SSA,National,2018,HeadCount,UPL,5.5,0.871964,6.11676,0.8571108,5.943204,0.8476989,-0.0148532,-0.0242650999999999
FIN,Finland,OHI,National,2018,HeadCount,EPL,1.9,0.0006577773,2.195249,0.0006577773,2.308158,0.0006577773,0,0
FIN,Finland,OHI,National,2018,HeadCount,LPL,3.2,0.0008540169,3.642544,0.0008540169,3.987638,0.000872664,0,1.86471e-05
FIN,Finland,OHI,National,2018,HeadCount,UPL,5.5,0.00123269,6.11676,0.00123269,5.943204,0.00123269,0,0
FJI,Fiji,EAP,National,2018,HeadCount,EPL,1.9,0.004805912,2.195249,0.001583049,2.308158,0.002117448,-0.003222863,-0.002688464
FJI,Fiji,EAP,National,2018,HeadCount,LPL,3.2,0.07472677,3.642544,0.0269885,3.987638,0.04278626,-0.04773827,-0.03194051
FJI,Fiji,EAP,National,2018,HeadCount,UPL,5.5,0.3585965,6.11676,0.1896485,5.943204,0.1742876,-0.168948,-0.1843089
FRA,France,OHI,National,2018,HeadCount,EPL,1.9,0.0001362595,2.195249,0.0001848354,2.308158,0.0001848354,4.85759e-05,4.85759e-05
FRA,France,OHI,National,2018,HeadCount,LPL,3.2,0.0002834128,3.642544,0.0003175891,3.987638,0.0003502021,3.41763e-05,6.67893e-05
FRA,France,OHI,National,2018,HeadCount,UPL,5.5,0.0006274098,6.11676,0.0006274098,5.943204,0.0005453187,0,-8.20911000000001e-05
FSM,"Micronesia, Federated States of",EAP,National,2018,HeadCount,EPL,1.9,0.1539292,2.195249,0.1692714,2.308158,0.1874429,0.0153422,0.0335137
FSM,"Micronesia, Federated States of",EAP,National,2018,HeadCount,LPL,3.2,0.3887995,3.642544,0.4084383,3.987638,0.4658647,0.0196388,0.0770652
FSM,"Micronesia, Federated States of",EAP,National,2018,HeadCount,UPL,5.5,0.6909485,6.11676,0.6985601,5.943204,0.6889249,0.00761160000000005,-0.00202360000000001
GAB,Gabon,SSA,National,2018,HeadCount,EPL,1.9,0.03466373,2.195249,0.02768946,2.308158,0.03158559,-0.00697427,-0.00307814
GAB,Gabon,SSA,National,2018,HeadCount,LPL,3.2,0.1172348,3.642544,0.08551025,3.987638,0.1119851,-0.03172455,-0.0052497
GAB,Gabon,SSA,National,2018,HeadCount,UPL,5.5,0.3294114,6.11676,0.2697029,5.943204,0.253315,-0.0597085,-0.0760964
GBR,United Kingdom,OHI,National,2018,HeadCount,EPL,1.9,0.001981104,2.195249,0.002102617,2.308158,0.002102617,0.000121513,0.000121513
GBR,United Kingdom,OHI,National,2018,HeadCount,LPL,3.2,0.003167623,3.642544,0.00334237,3.987638,0.003438525,0.000174747,0.000270902
GBR,United Kingdom,OHI,National,2018,HeadCount,UPL,5.5,0.004616206,6.11676,0.00475489,5.943204,0.004616206,0.000138684,0
GEO,Georgia,ECA,National,2018,HeadCount,EPL,1.9,0.04540559,2.195249,0.05994097,2.308158,0.06670489,0.01453538,0.0212993
GEO,Georgia,ECA,National,2018,HeadCount,LPL,3.2,0.1574771,3.642544,0.1951139,3.987638,0.2303755,0.0376368,0.0728984
GEO,Georgia,ECA,National,2018,HeadCount,UPL,5.5,0.4286822,6.11676,0.4684593,5.943204,0.4496333,0.0397771,0.0209511
GHA,Ghana,SSA,National,2018,HeadCount,EPL,1.9,0.1226565,2.195249,0.1694868,2.308158,0.1862137,0.0468303,0.0635572
GHA,Ghana,SSA,National,2018,HeadCount,LPL,3.2,0.284732,3.642544,0.3558499,3.987638,0.395228,0.0711179,0.110496
GHA,Ghana,SSA,National,2018,HeadCount,UPL,5.5,0.5402433,6.11676,0.6199257,5.943204,0.6037231,0.0796824,0.0634798
GIN,Guinea,SSA,National,2018,HeadCount,EPL,1.9,0.2199472,2.195249,0.1239674,2.308158,0.1434035,-0.0959798,-0.0765437
GIN,Guinea,SSA,National,2018,HeadCount,LPL,3.2,0.5603681,3.642544,0.4007714,3.987638,0.462871,-0.1595967,-0.0974971000000001
GIN,Guinea,SSA,National,2018,HeadCount,UPL,5.5,0.8605202,6.11676,0.7380447,5.943204,0.7222849,-0.1224755,-0.1382353
GMB,"Gambia, The",SSA,National,2018,HeadCount,EPL,1.9,0.08914419,2.195249,0.1255417,2.308158,0.1438482,0.03639751,0.05470401
GMB,"Gambia, The",SSA,National,2018,HeadCount,LPL,3.2,0.3465458,3.642544,0.4133546,3.987638,0.4779947,0.0668088,0.1314489
GMB,"Gambia, The",SSA,National,2018,HeadCount,UPL,5.5,0.7023863,6.11676,0.7369848,5.943204,0.724452,0.0345985,0.0220657
GNB,Guinea-Bissau,SSA,National,2018,HeadCount,EPL,1.9,0.6163996,2.195249,0.6268136,2.308158,0.6515456,0.0104139999999999,0.0351459999999999
GNB,Guinea-Bissau,SSA,National,2018,HeadCount,LPL,3.2,0.8205689,3.642544,0.8209007,3.987638,0.8410727,0.000331799999999993,0.0205038
GNB,Guinea-Bissau,SSA,National,2018,HeadCount,UPL,5.5,0.9187988,6.11676,0.9167741,5.943204,0.913618,-0.00202469999999999,-0.00518079999999999
GRC,Greece,OHI,National,2018,HeadCount,EPL,1.9,0.008727767,2.195249,0.008751357,2.308158,0.008994047,2.35899999999987e-05,0.000266279999999999
GRC,Greece,OHI,National,2018,HeadCount,LPL,3.2,0.01591985,3.642544,0.01591985,3.987638,0.01735589,0,0.00143604
GRC,Greece,OHI,National,2018,HeadCount,UPL,5.5,0.04323028,6.11676,0.04108619,5.943204,0.03908107,-0.00214409,-0.00414921
GTM,Guatemala,LAC,National,2018,HeadCount,EPL,1.9,0.06965079,2.195249,0.07749292,2.308158,0.08778929,0.00784213,0.0181385
GTM,Guatemala,LAC,National,2018,HeadCount,LPL,3.2,0.2081442,3.642544,0.2205499,3.987638,0.2553553,0.0124057,0.0472111
GTM,Guatemala,LAC,National,2018,HeadCount,UPL,5.5,0.4392884,6.11676,0.4450681,5.943204,0.43242,0.0057797,-0.0068684
GUY,Guyana,LAC,National,2018,HeadCount,EPL,1.9,0.05605751,2.195249,0.049325,2.308158,0.05442436,-0.00673251,-0.00163315
GUY,Guyana,LAC,National,2018,HeadCount,LPL,3.2,0.1343263,3.642544,0.1186563,3.987638,0.1363899,-0.01567,0.0020636
GUY,Guyana,LAC,National,2018,HeadCount,UPL,5.5,0.2924429,6.11676,0.2537331,5.943204,0.2437781,-0.0387098,-0.0486648
HND,Honduras,LAC,National,2018,HeadCount,EPL,1.9,0.1653414,2.195249,0.1573841,2.308158,0.1669495,-0.0079573,0.0016081
HND,Honduras,LAC,National,2018,HeadCount,LPL,3.2,0.2999901,3.642544,0.2830644,3.987638,0.3121231,-0.0169257,0.012133
HND,Honduras,LAC,National,2018,HeadCount,UPL,5.5,0.5028567,6.11676,0.4678578,5.943204,0.455664,-0.0349989000000001,-0.0471927
HRV,Croatia,ECA,National,2018,HeadCount,EPL,1.9,0.005297635,2.195249,0.005171488,2.308158,0.005297635,-0.000126147,0
HRV,Croatia,ECA,National,2018,HeadCount,LPL,3.2,0.0110702,3.642544,0.01066146,3.987638,0.01215408,-0.000408740000000001,0.00108388
HRV,Croatia,ECA,National,2018,HeadCount,UPL,5.5,0.03567964,6.11676,0.02955689,5.943204,0.02807994,-0.00612275,-0.0075997
HTI,Haiti,LAC,National,2018,HeadCount,EPL,1.9,0.2534773,2.195249,0.3146927,2.308158,0.3429806,0.0612154,0.0895033
HTI,Haiti,LAC,National,2018,HeadCount,LPL,3.2,0.5151666,3.642544,0.5924374,3.987638,0.6416459,0.0772708,0.1264793
HTI,Haiti,LAC,National,2018,HeadCount,UPL,5.5,0.7914225,6.11676,0.8286289,5.943204,0.8187163,0.0372064,0.0272937999999999
HUN,Hungary,ECA,National,2018,HeadCount,EPL,1.9,0.005032118,2.195249,0.006037896,2.308158,0.006744586,0.001005778,0.001712468
HUN,Hungary,ECA,National,2018,HeadCount,LPL,3.2,0.01173317,3.642544,0.01322924,3.987638,0.01563642,0.00149607,0.00390325
HUN,Hungary,ECA,National,2018,HeadCount,UPL,5.5,0.02707019,6.11676,0.032268,5.943204,0.03064749,0.00519781,0.0035773
IDN,Indonesia,EAP,National,2018,HeadCount,EPL,1.9,0.04638862,2.195249,0.05975771,2.308158,0.07249529,0.01336909,0.02610667
IDN,Indonesia,EAP,National,2018,HeadCount,LPL,3.2,0.2415723,3.642544,0.2709961,3.987638,0.3251482,0.0294238,0.0835759
IDN,Indonesia,EAP,National,2018,HeadCount,UPL,5.5,0.5603678,6.11676,0.5741638,5.943204,0.5584829,0.013796,-0.00188489999999997
IND,India,SAS,National,2018,HeadCount,EPL,1.9,0.095524,2.195249,0.1047963,2.308158,0.1268213,0.0092723,0.0312973
IND,India,SAS,National,2018,HeadCount,LPL,3.2,0.4345051,3.642544,0.4407765,3.987638,0.511621,0.00627140000000004,0.0771159
IND,India,SAS,National,2018,HeadCount,UPL,5.5,0.7857989,6.11676,0.7789981,5.943204,0.7653356,-0.00680079999999994,-0.0204633
IRL,Ireland,OHI,National,2018,HeadCount,EPL,1.9,0.001311761,2.195249,0.001347261,2.308158,0.001415204,3.54999999999999e-05,0.000103443
IRL,Ireland,OHI,National,2018,HeadCount,LPL,3.2,0.003814648,3.642544,0.003842459,3.987638,0.004739174,2.7811e-05,0.000924526
IRL,Ireland,OHI,National,2018,HeadCount,UPL,5.5,0.006549923,6.11676,0.006808446,5.943204,0.006808446,0.000258523,0.000258523
IRN,"Iran, Islamic Republic of",MNA,National,2018,HeadCount,EPL,1.9,0.003370756,2.195249,0.008645293,2.308158,0.01029737,0.005274537,0.006926614
IRN,"Iran, Islamic Republic of",MNA,National,2018,HeadCount,LPL,3.2,0.02741568,3.642544,0.04892862,3.987638,0.06348295,0.02151294,0.03606727
IRN,"Iran, Islamic Republic of",MNA,National,2018,HeadCount,UPL,5.5,0.1285719,6.11676,0.1835206,5.943204,0.1720354,0.0549487,0.0434635
IRQ,Iraq,MNA,National,2018,HeadCount,EPL,1.9,0.02080435,2.195249,0.0003620768,2.308158,0.0007692284,-0.0204422732,-0.0200351216
IRQ,Iraq,MNA,National,2018,HeadCount,LPL,3.2,0.164404,3.642544,0.01445041,3.987638,0.02458166,-0.14995359,-0.13982234
IRQ,Iraq,MNA,National,2018,HeadCount,UPL,5.5,0.5534269,6.11676,0.1338654,5.943204,0.12214,-0.4195615,-0.4312869
ISL,Iceland,OHI,National,2018,HeadCount,EPL,1.9,0,2.195249,0.0003449018,2.308158,0.0003449018,0.0003449018,0.0003449018
ISL,Iceland,OHI,National,2018,HeadCount,LPL,3.2,0.0003449018,3.642544,0.0003449018,3.987638,0.0003449018,0,0
ISL,Iceland,OHI,National,2018,HeadCount,UPL,5.5,0.001285995,6.11676,0.001285995,5.943204,0.001285995,0,0
ISR,Israel,OHI,National,2018,HeadCount,EPL,1.9,0.002413946,2.195249,0.002413946,2.308158,0.002413946,0,0
ISR,Israel,OHI,National,2018,HeadCount,LPL,3.2,0.007363225,3.642544,0.007363225,3.987638,0.009977683,0,0.002614458
ISR,Israel,OHI,National,2018,HeadCount,UPL,5.5,0.02735488,6.11676,0.02985389,5.943204,0.02985389,0.00249901,0.00249901
ITA,Italy,OHI,National,2018,HeadCount,EPL,1.9,0.01418087,2.195249,0.01421634,2.308158,0.01433547,3.54699999999993e-05,0.0001546
ITA,Italy,OHI,National,2018,HeadCount,LPL,3.2,0.01817653,3.642544,0.01827159,3.987638,0.01966503,9.5060000000001e-05,0.0014885
ITA,Italy,OHI,National,2018,HeadCount,UPL,5.5,0.03139168,6.11676,0.03134246,5.943204,0.02951731,-4.92199999999957e-05,-0.00187437
JAM,Jamaica,LAC,National,2018,HeadCount,EPL,1.9,0.01836437,2.195249,0.01269927,2.308158,0.01593877,-0.0056651,-0.0024256
JAM,Jamaica,LAC,National,2018,HeadCount,LPL,3.2,0.09482843,3.642544,0.07324284,3.987638,0.0915501,-0.02158559,-0.00327833000000001
JAM,Jamaica,LAC,National,2018,HeadCount,UPL,5.5,0.3034268,6.11676,0.2362867,5.943204,0.2264918,-0.0671401,-0.076935
JOR,Jordan,MNA,National,2018,HeadCount,EPL,1.9,0.002286842,2.195249,0.0005150115,2.308158,0.001027426,-0.0017718305,-0.001259416
JOR,Jordan,MNA,National,2018,HeadCount,LPL,3.2,0.02953498,3.642544,0.007302483,3.987638,0.01288944,-0.022232497,-0.01664554
JOR,Jordan,MNA,National,2018,HeadCount,UPL,5.5,0.2362327,6.11676,0.07403415,5.943204,0.06663217,-0.16219855,-0.16960053
JPN,Japan,OHI,National,2018,HeadCount,EPL,1.9,0.007278879,2.195249,0.007278879,2.308158,0.007278879,0,0
JPN,Japan,OHI,National,2018,HeadCount,LPL,3.2,0.009434035,3.642544,0.009434035,3.987638,0.009434035,0,0
JPN,Japan,OHI,National,2018,HeadCount,UPL,5.5,0.01209406,6.11676,0.01209406,5.943204,0.01209406,0,0
KAZ,Kazakhstan,ECA,National,2018,HeadCount,EPL,1.9,0.0001941736,2.195249,0.0003739295,2.308158,0.0005365494,0.0001797559,0.0003423758
KAZ,Kazakhstan,ECA,National,2018,HeadCount,LPL,3.2,0.003773395,3.642544,0.006317136,3.987638,0.008924317,0.002543741,0.005150922
KAZ,Kazakhstan,ECA,National,2018,HeadCount,UPL,5.5,0.07053675,6.11676,0.09893124,5.943204,0.08578858,0.02839449,0.01525183
KEN,Kenya,SSA,National,2018,HeadCount,EPL,1.9,0.326424,2.195249,0.2647604,2.308158,0.2929244,-0.0616636,-0.0334996
KEN,Kenya,SSA,National,2018,HeadCount,LPL,3.2,0.6211461,3.642544,0.553432,3.987638,0.605286,-0.0677141,-0.0158601
KEN,Kenya,SSA,National,2018,HeadCount,UPL,5.5,0.8482352,6.11676,0.7931996,5.943204,0.7842188,-0.0550356,-0.0640164
KGZ,Kyrgyz Republic,ECA,National,2018,HeadCount,EPL,1.9,0.008613964,2.195249,0.007864027,2.308158,0.01129742,-0.000749936999999999,0.002683456
KGZ,Kyrgyz Republic,ECA,National,2018,HeadCount,LPL,3.2,0.1549999,3.642544,0.1313986,3.987638,0.1974485,-0.0236013,0.0424486
KGZ,Kyrgyz Republic,ECA,National,2018,HeadCount,UPL,5.5,0.6128246,6.11676,0.5632347,5.943204,0.5377572,-0.0495899000000001,-0.0750674
KIR,Kiribati,EAP,National,2018,HeadCount,EPL,1.9,0.1116539,2.195249,0.1465067,2.308158,0.1669452,0.0348528,0.0552913
KIR,Kiribati,EAP,National,2018,HeadCount,LPL,3.2,0.313804,3.642544,0.3958422,3.987638,0.445195,0.0820382,0.131391
KIR,Kiribati,EAP,National,2018,HeadCount,UPL,5.5,0.6607113,6.11676,0.7215537,5.943204,0.6991855,0.0608424,0.0384742
KOR,"Korea, Republic of",OHI,National,2018,HeadCount,EPL,1.9,0.002492806,2.195249,0.002492806,2.308158,0.002492806,0,0
KOR,"Korea, Republic of",OHI,National,2018,HeadCount,LPL,3.2,0.004969561,3.642544,0.007488055,3.987638,0.007488055,0.002518494,0.002518494
KOR,"Korea, Republic of",OHI,National,2018,HeadCount,UPL,5.5,0.009907304,6.11676,0.01238095,5.943204,0.01238095,0.002473646,0.002473646
LAC,Latin America & Caribbean,Aggregates,Regional,2018,HeadCount,EPL,1.9,0.0442786810571906,2.195249,0.057144182184527,2.308158,0.0625578889887366,0.0128655011273364,0.018279207931546
LAC,Latin America & Caribbean,Aggregates,Regional,2018,HeadCount,LPL,3.2,0.104573248931626,3.642544,0.130474879016865,3.987638,0.15060542993778,0.0259016300852393,0.046032181006154
LAC,Latin America & Caribbean,Aggregates,Regional,2018,HeadCount,UPL,5.5,0.242966631762966,6.11676,0.280752947059345,5.943204,0.270298026414471,0.0377863152963789,0.0273313946515052
LAO,Lao People's Democratic Republic,EAP,National,2018,HeadCount,EPL,1.9,0.08639039,2.195249,0.06171749,2.308158,0.07424252,-0.0246729,-0.01214787
LAO,Lao People's Democratic Republic,EAP,National,2018,HeadCount,LPL,3.2,0.3596792,3.642544,0.2891397,3.987638,0.3485106,-0.0705395,-0.0111686
LAO,Lao People's Democratic Republic,EAP,National,2018,HeadCount,UPL,5.5,0.728202,6.11676,0.652458,5.943204,0.6341346,-0.075744,-0.0940674
LBN,Lebanon,MNA,National,2018,HeadCount,EPL,1.9,0,2.195249,0,2.308158,0,0,0
LBN,Lebanon,MNA,National,2018,HeadCount,LPL,3.2,0.0006112976,3.642544,0.0006112976,3.987638,0.0006112976,0,0
LBN,Lebanon,MNA,National,2018,HeadCount,UPL,5.5,0.01971099,6.11676,0.01004848,5.943204,0.009670479,-0.00966251,-0.010040511
LBR,Liberia,SSA,National,2018,HeadCount,EPL,1.9,0.4208378,2.195249,0.0933055,2.308158,0.1102836,-0.3275323,-0.3105542
LBR,Liberia,SSA,National,2018,HeadCount,LPL,3.2,0.7355133,3.642544,0.3285472,3.987638,0.3856163,-0.4069661,-0.349897
LBR,Liberia,SSA,National,2018,HeadCount,UPL,5.5,0.9246813,6.11676,0.6602857,5.943204,0.6435006,-0.2643956,-0.2811807
LCA,St. Lucia,LAC,National,2018,HeadCount,EPL,1.9,0.04580246,2.195249,0.05122805,2.308158,0.06203255,0.00542558999999999,0.01623009
LCA,St. Lucia,LAC,National,2018,HeadCount,LPL,3.2,0.1020536,3.642544,0.1156234,3.987638,0.1273671,0.0135698,0.0253135
LCA,St. Lucia,LAC,National,2018,HeadCount,UPL,5.5,0.2009801,6.11676,0.203232,5.943204,0.2009801,0.0022519,0
LKA,Sri Lanka,SAS,National,2018,HeadCount,EPL,1.9,0.00690439,2.195249,0.01233829,2.308158,0.01660681,0.0054339,0.00970242
LKA,Sri Lanka,SAS,National,2018,HeadCount,LPL,3.2,0.09211397,3.642544,0.1236261,3.987638,0.1642076,0.03151213,0.07209363
LKA,Sri Lanka,SAS,National,2018,HeadCount,UPL,5.5,0.3840998,6.11676,0.4253954,5.943204,0.4072141,0.0412956,0.0231143
LSO,Lesotho,SSA,National,2018,HeadCount,EPL,1.9,0.2679849,2.195249,0.3385925,2.308158,0.3564993,0.0706076,0.0885144
LSO,Lesotho,SSA,National,2018,HeadCount,LPL,3.2,0.4960725,3.642544,0.5503779,3.987638,0.589921,0.0543054,0.0938485
LSO,Lesotho,SSA,National,2018,HeadCount,UPL,5.5,0.7297063,6.11676,0.7713126,5.943204,0.7614687,0.0416063,0.0317624
LTU,Lithuania,ECA,National,2018,HeadCount,EPL,1.9,0.01022507,2.195249,0.007991841,2.308158,0.007991841,-0.002233229,-0.002233229
LTU,Lithuania,ECA,National,2018,HeadCount,LPL,3.2,0.01404569,3.642544,0.008108885,3.987638,0.008148992,-0.005936805,-0.005896698
LTU,Lithuania,ECA,National,2018,HeadCount,UPL,5.5,0.03604773,6.11676,0.008755616,5.943204,0.008755616,-0.027292114,-0.027292114
LUX,Luxembourg,OHI,National,2018,HeadCount,EPL,1.9,0.002683735,2.195249,0.003132935,2.308158,0.003132935,0.0004492,0.0004492
LUX,Luxembourg,OHI,National,2018,HeadCount,LPL,3.2,0.004043114,3.642544,0.004043114,3.987638,0.004122134,0,7.902e-05
LUX,Luxembourg,OHI,National,2018,HeadCount,UPL,5.5,0.006589666,6.11676,0.006589666,5.943204,0.006459688,0,-0.000129978
LVA,Latvia,ECA,National,2018,HeadCount,EPL,1.9,0.007166838,2.195249,0.01083458,2.308158,0.01302074,0.003667742,0.005853902
LVA,Latvia,ECA,National,2018,HeadCount,LPL,3.2,0.01444296,3.642544,0.02360948,3.987638,0.02949432,0.00916652,0.01505136
LVA,Latvia,ECA,National,2018,HeadCount,UPL,5.5,0.03118256,6.11676,0.06724213,5.943204,0.06468546,0.03605957,0.0335029
MAR,Morocco,MNA,National,2018,HeadCount,EPL,1.9,0.007025076,2.195249,0.01051038,2.308158,0.01391426,0.003485304,0.006889184
MAR,Morocco,MNA,National,2018,HeadCount,LPL,3.2,0.05836245,3.642544,0.07596798,3.987638,0.09972587,0.01760553,0.04136342
MAR,Morocco,MNA,National,2018,HeadCount,UPL,5.5,0.263524,6.11676,0.2957836,5.943204,0.2786076,0.0322596,0.0150836
MDA,Moldova,ECA,National,2018,HeadCount,EPL,1.9,0.0001823872,2.195249,0.0001823872,2.308158,0.0001823872,0,0
MDA,Moldova,ECA,National,2018,HeadCount,LPL,3.2,0.009495924,3.642544,0.006211543,3.987638,0.01042034,-0.003284381,0.000924416000000001
MDA,Moldova,ECA,National,2018,HeadCount,UPL,5.5,0.1334361,6.11676,0.09086143,5.943204,0.07827276,-0.04257467,-0.05516334
MDG,Madagascar,SSA,National,2018,HeadCount,EPL,1.9,0.7593938,2.195249,0.7852275,2.308158,0.801301,0.0258337,0.0419072
MDG,Madagascar,SSA,National,2018,HeadCount,LPL,3.2,0.9009306,3.642544,0.9116538,3.987638,0.9241159,0.0107231999999999,0.0231853
MDG,Madagascar,SSA,National,2018,HeadCount,UPL,5.5,0.9699923,6.11676,0.9722318,5.943204,0.9705794,0.00223949999999995,0.000587099999999952
MDV,Maldives,SAS,National,2018,HeadCount,EPL,1.9,0,2.195249,0,2.308158,0,0,0
MDV,Maldives,SAS,National,2018,HeadCount,LPL,3.2,0.004110777,3.642544,0.001455777,3.987638,0.002550518,-0.002655,-0.001560259
MDV,Maldives,SAS,National,2018,HeadCount,UPL,5.5,0.05628719,6.11676,0.02778072,5.943204,0.02113272,-0.02850647,-0.03515447
MEX,Mexico,LAC,National,2018,HeadCount,EPL,1.9,0.01741983,2.195249,0.01898805,2.308158,0.02181728,0.00156822,0.00439745
MEX,Mexico,LAC,National,2018,HeadCount,LPL,3.2,0.06576014,3.642544,0.06906578,3.987638,0.08772535,0.00330564,0.02196521
MEX,Mexico,LAC,National,2018,HeadCount,UPL,5.5,0.2300612,6.11676,0.2288636,5.943204,0.2159027,-0.00119759999999999,-0.0141585
MKD,North Macedonia,ECA,National,2018,HeadCount,EPL,1.9,0.04055848,2.195249,0.04555062,2.308158,0.04945339,0.00499214,0.00889491
MKD,North Macedonia,ECA,National,2018,HeadCount,LPL,3.2,0.08500302,3.642544,0.08868955,3.987638,0.1017449,0.00368653000000001,0.01674188
MKD,North Macedonia,ECA,National,2018,HeadCount,UPL,5.5,0.1730087,6.11676,0.1810332,5.943204,0.1715212,0.00802450000000002,-0.00148749999999998
MLI,Mali,SSA,National,2018,HeadCount,EPL,1.9,0.4266969,2.195249,0.4259594,2.308158,0.4625723,-0.000737500000000002,0.0358754
MLI,Mali,SSA,National,2018,HeadCount,LPL,3.2,0.7489593,3.642544,0.7419695,3.987638,0.784254,-0.00698980000000005,0.0352947
MLI,Mali,SSA,National,2018,HeadCount,UPL,5.5,0.9335567,6.11676,0.9254742,5.943204,0.9203788,-0.00808249999999999,-0.0131779
MLT,Malta,OHI,National,2018,HeadCount,EPL,1.9,0.001598865,2.195249,0.001598865,2.308158,0.001598865,0,0
MLT,Malta,OHI,National,2018,HeadCount,LPL,3.2,0.002060997,3.642544,0.002154493,3.987638,0.002212111,9.34959999999998e-05,0.000151114
MLT,Malta,OHI,National,2018,HeadCount,UPL,5.5,0.002863169,6.11676,0.003113678,5.943204,0.003069756,0.000250509,0.000206587
MMR,Myanmar,EAP,National,2018,HeadCount,EPL,1.9,0.01524815,2.195249,0.01701784,2.308158,0.02211158,0.00176969,0.00686343
MMR,Myanmar,EAP,National,2018,HeadCount,LPL,3.2,0.1599822,3.642544,0.1637766,3.987638,0.2182406,0.0037944,0.0582584
MMR,Myanmar,EAP,National,2018,HeadCount,UPL,5.5,0.5645345,6.11676,0.5495443,5.943204,0.5258418,-0.0149902000000001,-0.0386927
MNA,Middle East & North Africa,Aggregates,Regional,2018,HeadCount,EPL,1.9,0.0751078217151887,2.195249,0.0779727439070743,2.308158,0.0827048290783927,0.00286492219188556,0.00759700736320398
MNA,Middle East & North Africa,Aggregates,Regional,2018,HeadCount,LPL,3.2,0.205662148737021,3.642544,0.14253704677743,3.987638,0.162213884032469,-0.0631251019595915,-0.0434482647045516
MNA,Middle East & North Africa,Aggregates,Regional,2018,HeadCount,UPL,5.5,0.457505465833266,6.11676,0.325804978702821,5.943204,0.31079742040693,-0.131700487130445,-0.146708045426336
MNE,Montenegro,ECA,National,2018,HeadCount,EPL,1.9,0.009075765,2.195249,0.009075765,2.308158,0.01134626,0,0.002270495
MNE,Montenegro,ECA,National,2018,HeadCount,LPL,3.2,0.06352582,3.642544,0.06176962,3.987638,0.07655946,-0.0017562,0.01303364
MNE,Montenegro,ECA,National,2018,HeadCount,UPL,5.5,0.1589888,6.11676,0.148266,5.943204,0.1422058,-0.0107228,-0.016783
MNG,Mongolia,EAP,National,2018,HeadCount,EPL,1.9,0.005376511,2.195249,0.007855814,2.308158,0.0103073,0.002479303,0.004930789
MNG,Mongolia,EAP,National,2018,HeadCount,LPL,3.2,0.05594164,3.642544,0.07062855,3.987638,0.09595802,0.01468691,0.04001638
MNG,Mongolia,EAP,National,2018,HeadCount,UPL,5.5,0.2886571,6.11676,0.315447,5.943204,0.2964702,0.0267899,0.00781310000000002
MOZ,Mozambique,SSA,National,2018,HeadCount,EPL,1.9,0.6111013,2.195249,0.6384928,2.308158,0.6590101,0.0273915,0.0479088000000001
MOZ,Mozambique,SSA,National,2018,HeadCount,LPL,3.2,0.8060408,3.642544,0.8208687,3.987638,0.8423619,0.0148279,0.0363211
MOZ,Mozambique,SSA,National,2018,HeadCount,UPL,5.5,0.9139075,6.11676,0.9176701,5.943204,0.9133928,0.00376260000000006,-0.000514699999999979
MRT,Mauritania,SSA,National,2018,HeadCount,EPL,1.9,0.06436756,2.195249,0.07348343,2.308158,0.08410107,0.00911587,0.01973351
MRT,Mauritania,SSA,National,2018,HeadCount,LPL,3.2,0.2530321,3.642544,0.2761683,3.987638,0.3307096,0.0231362,0.0776775
MRT,Mauritania,SSA,National,2018,HeadCount,UPL,5.5,0.603648,6.11676,0.6111087,5.943204,0.5938046,0.00746069999999999,-0.00984339999999995
MUS,Mauritius,SSA,National,2018,HeadCount,EPL,1.9,0.001399837,2.195249,0.001066179,2.308158,0.00181041,-0.000333658,0.000410573
MUS,Mauritius,SSA,National,2018,HeadCount,LPL,3.2,0.01839966,3.642544,0.01609003,3.987638,0.02190174,-0.00230963,0.00350208
MUS,Mauritius,SSA,National,2018,HeadCount,UPL,5.5,0.1072211,6.11676,0.08356116,5.943204,0.07570892,-0.02365994,-0.03151218
MWI,Malawi,SSA,National,2018,HeadCount,EPL,1.9,0.6928777,2.195249,0.7573481,2.308158,0.7769471,0.0644703999999999,0.0840694
MWI,Malawi,SSA,National,2018,HeadCount,LPL,3.2,0.8902607,3.642544,0.9133744,3.987638,0.9293118,0.0231137,0.0390511
MWI,Malawi,SSA,National,2018,HeadCount,UPL,5.5,0.9661523,6.11676,0.9731943,5.943204,0.9706059,0.00704199999999999,0.00445360000000006
MYS,Malaysia,EAP,National,2018,HeadCount,EPL,1.9,6.27996e-05,2.195249,6.961048e-05,2.308158,0.0001035119,6.81088e-06,4.07123e-05
MYS,Malaysia,EAP,National,2018,HeadCount,LPL,3.2,0.001014078,3.642544,0.001385428,3.987638,0.002598941,0.00037135,0.001584863
MYS,Malaysia,EAP,National,2018,HeadCount,UPL,5.5,0.01497607,6.11676,0.01802695,5.943204,0.01586785,0.00305088,0.00089178
NAM,Namibia,SSA,National,2018,HeadCount,EPL,1.9,0.1477221,2.195249,0.174684,2.308158,0.1937402,0.0269619,0.0460181
NAM,Namibia,SSA,National,2018,HeadCount,LPL,3.2,0.3162722,3.642544,0.3509832,3.987638,0.3831006,0.034711,0.0668284
NAM,Namibia,SSA,National,2018,HeadCount,UPL,5.5,0.5228852,6.11676,0.5515152,5.943204,0.5408108,0.0286299999999999,0.0179256
NER,Niger,SSA,National,2018,HeadCount,EPL,1.9,0.4133703,2.195249,0.5211725,2.308158,0.5525787,0.1078022,0.1392084
NER,Niger,SSA,National,2018,HeadCount,LPL,3.2,0.7410205,3.642544,0.8058333,3.987638,0.843216,0.0648128,0.1021955
NER,Niger,SSA,National,2018,HeadCount,UPL,5.5,0.9243026,6.11676,0.9497725,5.943204,0.9428144,0.0254699,0.0185118000000001
NGA,Nigeria,SSA,National,2018,HeadCount,EPL,1.9,0.5084735,2.195249,0.4139257,2.308158,0.4405876,-0.0945478,-0.0678859
NGA,Nigeria,SSA,National,2018,HeadCount,LPL,3.2,0.7563161,3.642544,0.6780466,3.987638,0.717882,-0.0782695,-0.0384341
NGA,Nigeria,SSA,National,2018,HeadCount,UPL,5.5,0.9106656,6.11676,0.8647936,5.943204,0.8576993,-0.0458719999999999,-0.0529662999999999
NIC,Nicaragua,LAC,National,2018,HeadCount,EPL,1.9,0.02505943,2.195249,0.0331152,2.308158,0.04093526,0.00805577,0.01587583
NIC,Nicaragua,LAC,National,2018,HeadCount,LPL,3.2,0.1037634,3.642544,0.124328,3.987638,0.1503743,0.0205646,0.0466109
NIC,Nicaragua,LAC,National,2018,HeadCount,UPL,5.5,0.3193947,6.11676,0.3315832,5.943204,0.3187864,0.0121885,-0.000608299999999951
NLD,Netherlands,OHI,National,2018,HeadCount,EPL,1.9,0.001783794,2.195249,0.001887662,2.308158,0.001887662,0.000103868,0.000103868
NLD,Netherlands,OHI,National,2018,HeadCount,LPL,3.2,0.002540825,3.642544,0.002954605,3.987638,0.003001276,0.00041378,0.000460451
NLD,Netherlands,OHI,National,2018,HeadCount,UPL,5.5,0.003664335,6.11676,0.003888064,5.943204,0.003664335,0.000223729,0
NOR,Norway,OHI,National,2018,HeadCount,EPL,1.9,0.002399487,2.195249,0.002916525,2.308158,0.002916525,0.000517038,0.000517038
NOR,Norway,OHI,National,2018,HeadCount,LPL,3.2,0.003452965,3.642544,0.003452965,3.987638,0.003605376,0,0.000152411
NOR,Norway,OHI,National,2018,HeadCount,UPL,5.5,0.00481723,6.11676,0.005347512,5.943204,0.005220694,0.000530282,0.000403464
NPL,Nepal,SAS,National,2018,HeadCount,EPL,1.9,0.05806006,2.195249,0.02976142,2.308158,0.0377905,-0.02829864,-0.02026956
NPL,Nepal,SAS,National,2018,HeadCount,LPL,3.2,0.336023,3.642544,0.2314901,3.987638,0.2922873,-0.1045329,-0.0437357
NPL,Nepal,SAS,National,2018,HeadCount,UPL,5.5,0.7063878,6.11676,0.5911787,5.943204,0.5698608,-0.1152091,-0.136527
OHI,Other High Income,Aggregates,Regional,2018,HeadCount,EPL,1.9,0.00673589840683935,2.195249,0.0068499908373041,2.308158,0.00687402918299664,0.000114092430464749,0.000138130776157284
OHI,Other High Income,Aggregates,Regional,2018,HeadCount,LPL,3.2,0.00816442012396977,3.642544,0.00916692807147318,3.987638,0.00936766318133669,0.00100250794750341,0.00120324305736692
OHI,Other High Income,Aggregates,Regional,2018,HeadCount,UPL,5.5,0.0127030657342319,6.11676,0.0135843309611024,5.943204,0.0125840595771663,0.000881265226870461,-0.000119006157065619
PAK,Pakistan,SAS,National,2018,HeadCount,EPL,1.9,0.01610454,2.195249,0.028483,2.308158,0.03842791,0.01237846,0.02232337
PAK,Pakistan,SAS,National,2018,HeadCount,LPL,3.2,0.2436983,3.642544,0.288688,3.987638,0.3631234,0.0449897,0.1194251
PAK,Pakistan,SAS,National,2018,HeadCount,UPL,5.5,0.6713972,6.11676,0.6953715,5.943204,0.6762293,0.0239743,0.00483210000000001
PAN,Panama,LAC,National,2018,HeadCount,EPL,1.9,0.0170365,2.195249,0.01462091,2.308158,0.0160323,-0.00241559,-0.0010042
PAN,Panama,LAC,National,2018,HeadCount,LPL,3.2,0.05213932,3.642544,0.04377847,3.987638,0.05166343,-0.00836085,-0.00047589
PAN,Panama,LAC,National,2018,HeadCount,UPL,5.5,0.1265016,6.11676,0.1052393,5.943204,0.1005038,-0.0212623,-0.0259978
PER,Peru,LAC,National,2018,HeadCount,EPL,1.9,0.02640791,2.195249,0.0371309,2.308158,0.0416957,0.01072299,0.01528779
PER,Peru,LAC,National,2018,HeadCount,LPL,3.2,0.08349677,3.642544,0.106269,3.987638,0.1278987,0.02277223,0.04440193
PER,Peru,LAC,National,2018,HeadCount,UPL,5.5,0.2209907,6.11676,0.2562882,5.943204,0.2453263,0.0352975,0.0243356
PHL,Philippines,EAP,National,2018,HeadCount,EPL,1.9,0.0458152,2.195249,0.05274677,2.308158,0.06364379,0.00693157,0.01782859
PHL,Philippines,EAP,National,2018,HeadCount,LPL,3.2,0.2462725,3.642544,0.2577048,3.987638,0.3100829,0.0114323,0.0638104
PHL,Philippines,EAP,National,2018,HeadCount,UPL,5.5,0.561173,6.11676,0.5585202,5.943204,0.5424987,-0.00265280000000001,-0.0186743
PNG,Papua New Guinea,EAP,National,2018,HeadCount,EPL,1.9,0.2733702,2.195249,0.3014244,2.308158,0.321789,0.0280542,0.0484188
PNG,Papua New Guinea,EAP,National,2018,HeadCount,LPL,3.2,0.5275857,3.642544,0.5451854,3.987638,0.5967019,0.0175997,0.0691162
PNG,Papua New Guinea,EAP,National,2018,HeadCount,UPL,5.5,0.7881674,6.11676,0.794159,5.943204,0.785568,0.00599159999999999,-0.00259939999999992
POL,Poland,ECA,National,2018,HeadCount,EPL,1.9,0.003244305,2.195249,0.00348525,2.308158,0.00370209,0.000240945,0.000457785
POL,Poland,ECA,National,2018,HeadCount,LPL,3.2,0.005604555,3.642544,0.00576521,3.987638,0.006270247,0.000160655,0.000665692
POL,Poland,ECA,National,2018,HeadCount,UPL,5.5,0.01177616,6.11676,0.01320341,5.943204,0.01163919,0.00142725,-0.00013697
PRT,Portugal,OHI,National,2018,HeadCount,EPL,1.9,0.004049973,2.195249,0.00410496,2.308158,0.004115205,5.49870000000003e-05,6.52320000000001e-05
PRT,Portugal,OHI,National,2018,HeadCount,LPL,3.2,0.006374772,3.642544,0.007054854,3.987638,0.007894741,0.000680082,0.001519969
PRT,Portugal,OHI,National,2018,HeadCount,UPL,5.5,0.0169044,6.11676,0.01651359,5.943204,0.0151699,-0.000390809999999998,-0.0017345
PRY,Paraguay,LAC,National,2018,HeadCount,EPL,1.9,0.01634135,2.195249,0.01721697,2.308158,0.02147522,0.000875620000000001,0.00513387
PRY,Paraguay,LAC,National,2018,HeadCount,LPL,3.2,0.05935156,3.642544,0.0595239,3.987638,0.07495467,0.00017234,0.01560311
PRY,Paraguay,LAC,National,2018,HeadCount,UPL,5.5,0.1701807,6.11676,0.164272,5.943204,0.1554398,-0.00590869999999999,-0.0147409
PSE,West Bank and Gaza,MNA,National,2018,HeadCount,EPL,1.9,0.009827342,2.195249,0.006739606,2.308158,0.007697025,-0.003087736,-0.002130317
PSE,West Bank and Gaza,MNA,National,2018,HeadCount,LPL,3.2,0.05359747,3.642544,0.03272365,3.987638,0.04536143,-0.02087382,-0.00823604
PSE,West Bank and Gaza,MNA,National,2018,HeadCount,UPL,5.5,0.2424109,6.11676,0.1612496,5.943204,0.1426326,-0.0811613,-0.0997783
ROU,Romania,ECA,National,2018,HeadCount,EPL,1.9,0.03266133,2.195249,0.03225359,2.308158,0.03422522,-0.000407740000000004,0.00156389
ROU,Romania,ECA,National,2018,HeadCount,LPL,3.2,0.06561043,3.642544,0.06397182,3.987638,0.06994573,-0.00163861,0.0043353
ROU,Romania,ECA,National,2018,HeadCount,UPL,5.5,0.1382771,6.11676,0.1253796,5.943204,0.1221829,-0.0128975,-0.0160942
RUS,Russian Federation,ECA,National,2018,HeadCount,EPL,1.9,0.0001911654,2.195249,0.0003156125,2.308158,0.0005129754,0.0001244471,0.00032181
RUS,Russian Federation,ECA,National,2018,HeadCount,LPL,3.2,0.002407367,3.642544,0.00346174,3.987638,0.004730144,0.001054373,0.002322777
RUS,Russian Federation,ECA,National,2018,HeadCount,UPL,5.5,0.0228164,6.11676,0.03207211,5.943204,0.02801991,0.00925571,0.00520351
RWA,Rwanda,SSA,National,2018,HeadCount,EPL,1.9,0.514798,2.195249,0.49606,2.308158,0.5237135,-0.018738,0.00891550000000008
RWA,Rwanda,SSA,National,2018,HeadCount,LPL,3.2,0.7736421,3.642544,0.7546098,3.987638,0.7900036,-0.0190323,0.0163615
RWA,Rwanda,SSA,National,2018,HeadCount,UPL,5.5,0.9065558,6.11676,0.8948703,5.943204,0.8895872,-0.0116855,-0.0169686
SAS,South Asia,Aggregates,Regional,2018,HeadCount,EPL,1.9,0.0881099478616799,2.195249,0.0896690486307517,2.308158,0.109310430058019,0.00155910076907181,0.021200482196339
SAS,South Asia,Aggregates,Regional,2018,HeadCount,LPL,3.2,0.410223760519876,3.642544,0.407359884452432,3.987638,0.478565140082197,-0.0028638760674442,0.0683413795623212
SAS,South Asia,Aggregates,Regional,2018,HeadCount,UPL,5.5,0.769087100265888,6.11676,0.75730177906871,5.943204,0.74236578387367,-0.0117853211971785,-0.0267213163922176
SDN,Sudan,SSA,National,2018,HeadCount,EPL,1.9,0.1210953,2.195249,0.09145158,2.308158,0.1057023,-0.02964372,-0.015393
SDN,Sudan,SSA,National,2018,HeadCount,LPL,3.2,0.4378971,3.642544,0.3591019,3.987638,0.4207385,-0.0787952,-0.0171586
SDN,Sudan,SSA,National,2018,HeadCount,UPL,5.5,0.7910898,6.11676,0.7157857,5.943204,0.6947992,-0.0753041,-0.0962906
SEN,Senegal,SSA,National,2018,HeadCount,EPL,1.9,0.2811251,2.195249,0.3214531,2.308158,0.3506888,0.040328,0.0695637
SEN,Senegal,SSA,National,2018,HeadCount,LPL,3.2,0.5671887,3.642544,0.6081439,3.987638,0.6577336,0.0409552,0.0905449
SEN,Senegal,SSA,National,2018,HeadCount,UPL,5.5,0.8229693,6.11676,0.8353083,5.943204,0.8258411,0.012339,0.00287179999999998
SLB,Solomon Islands,EAP,National,2018,HeadCount,EPL,1.9,0.2433156,2.195249,0.2705059,2.308158,0.296063,0.0271903,0.0527474
SLB,Solomon Islands,EAP,National,2018,HeadCount,LPL,3.2,0.5759725,3.642544,0.6027874,3.987638,0.657543,0.0268149,0.0815705
SLB,Solomon Islands,EAP,National,2018,HeadCount,UPL,5.5,0.8409028,6.11676,0.8467162,5.943204,0.8387762,0.00581340000000008,-0.00212659999999998
SLE,Sierra Leone,SSA,National,2018,HeadCount,EPL,1.9,0.4006278,2.195249,0.2759706,2.308158,0.3111022,-0.1246572,-0.0895256
SLE,Sierra Leone,SSA,National,2018,HeadCount,LPL,3.2,0.7437475,3.642544,0.6420466,3.987638,0.6930844,-0.1017009,-0.0506631
SLE,Sierra Leone,SSA,National,2018,HeadCount,UPL,5.5,0.9207938,6.11676,0.8721823,5.943204,0.8641978,-0.0486115,-0.056596
SLV,El Salvador,LAC,National,2018,HeadCount,EPL,1.9,0.01462125,2.195249,0.02023516,2.308158,0.02278456,0.00561391,0.00816331
SLV,El Salvador,LAC,National,2018,HeadCount,LPL,3.2,0.07699475,3.642544,0.08905951,3.987638,0.1087469,0.01206476,0.03175215
SLV,El Salvador,LAC,National,2018,HeadCount,UPL,5.5,0.2565122,6.11676,0.2706346,5.943204,0.2580081,0.0141224,0.00149589999999999
SRB,Serbia,ECA,National,2018,HeadCount,EPL,1.9,0.0006781503,2.195249,0.0006781503,2.308158,0.0006781503,0,0
SRB,Serbia,ECA,National,2018,HeadCount,LPL,3.2,0.007785085,3.642544,0.007301056,3.987638,0.01145971,-0.000484029,0.003674625
SRB,Serbia,ECA,National,2018,HeadCount,UPL,5.5,0.06741945,6.11676,0.05794322,5.943204,0.05228573,-0.00947623000000001,-0.01513372
SSA,Sub-Saharan Africa,Aggregates,Regional,2018,HeadCount,EPL,1.9,0.421252845777887,2.195249,0.399051645028524,2.308158,0.423509920190978,-0.0222012007493632,0.00225707441309048
SSA,Sub-Saharan Africa,Aggregates,Regional,2018,HeadCount,LPL,3.2,0.672910007426251,3.642544,0.647031853639783,3.987638,0.688696928138177,-0.0258781537864679,0.0157869207119262
SSA,Sub-Saharan Africa,Aggregates,Regional,2018,HeadCount,UPL,5.5,0.858144194075799,6.11676,0.840044844459655,5.943204,0.832067524152769,-0.0180993496161441,-0.0260766699230302
SSD,South Sudan,SSA,National,2018,HeadCount,EPL,1.9,0.8482341,2.195249,0.8855892,2.308158,0.8964457,0.0373551,0.0482116
SSD,South Sudan,SSA,National,2018,HeadCount,LPL,3.2,0.9510632,3.642544,0.9665168,3.987638,0.9734687,0.0154536,0.0224055
SSD,South Sudan,SSA,National,2018,HeadCount,UPL,5.5,0.9914334,6.11676,0.99354,5.943204,0.9931204,0.00210659999999996,0.00168699999999999
STP,Sao Tome and Principe,SSA,National,2018,HeadCount,EPL,1.9,0.3400351,2.195249,0.2373018,2.308158,0.2622397,-0.1027333,-0.0777954
STP,Sao Tome and Principe,SSA,National,2018,HeadCount,LPL,3.2,0.6322145,3.642544,0.5003704,3.987638,0.550504,-0.1318441,-0.0817105
STP,Sao Tome and Principe,SSA,National,2018,HeadCount,UPL,5.5,0.8538286,6.11676,0.7740963,5.943204,0.7593467,-0.0797323000000001,-0.0944819
SUR,Suriname,LAC,National,2018,HeadCount,EPL,1.9,0.1936712,2.195249,0.1695302,2.308158,0.1782297,-0.024141,-0.0154415
SUR,Suriname,LAC,National,2018,HeadCount,LPL,3.2,0.2964332,3.642544,0.2141148,3.987638,0.2582645,-0.0823184,-0.0381687
SUR,Suriname,LAC,National,2018,HeadCount,UPL,5.5,0.4633536,6.11676,0.4005002,5.943204,0.4005002,-0.0628534,-0.0628534
SVK,Slovak Republic,ECA,National,2018,HeadCount,EPL,1.9,0.0132499,2.195249,0.01380701,2.308158,0.01380701,0.00055711,0.00055711
SVK,Slovak Republic,ECA,National,2018,HeadCount,LPL,3.2,0.01718487,3.642544,0.01822318,3.987638,0.02184412,0.00103831,0.00465925
SVK,Slovak Republic,ECA,National,2018,HeadCount,UPL,5.5,0.02852028,6.11676,0.03457525,5.943204,0.03252166,0.00605497,0.00400138
SVN,Slovenia,ECA,National,2018,HeadCount,EPL,1.9,0,2.195249,0,2.308158,0,0,0
SVN,Slovenia,ECA,National,2018,HeadCount,LPL,3.2,0,3.642544,0,3.987638,4.715775e-05,0,4.715775e-05
SVN,Slovenia,ECA,National,2018,HeadCount,UPL,5.5,0.001031926,6.11676,0.001031926,5.943204,0.0006537906,0,-0.0003781354
SWE,Sweden,OHI,National,2018,HeadCount,EPL,1.9,0.0024835,2.195249,0.0024835,2.308158,0.002654956,0,0.000171456
SWE,Sweden,OHI,National,2018,HeadCount,LPL,3.2,0.002654956,3.642544,0.003259973,3.987638,0.003404294,0.000605017,0.000749338
SWE,Sweden,OHI,National,2018,HeadCount,UPL,5.5,0.005196913,6.11676,0.006614439,5.943204,0.00599581,0.001417526,0.000798897
SWZ,Eswatini,SSA,National,2018,HeadCount,EPL,1.9,0.2729945,2.195249,0.3607985,2.308158,0.3822807,0.0878040000000001,0.1092862
SWZ,Eswatini,SSA,National,2018,HeadCount,LPL,3.2,0.5081037,3.642544,0.5703106,3.987638,0.6123147,0.0622069,0.104211
SWZ,Eswatini,SSA,National,2018,HeadCount,UPL,5.5,0.7086244,6.11676,0.7501535,5.943204,0.7443322,0.0415291,0.0357078
SYC,Seychelles,SSA,National,2018,HeadCount,EPL,1.9,0.008424272,2.195249,0.009146428,2.308158,0.01061039,0.000722156,0.002186118
SYC,Seychelles,SSA,National,2018,HeadCount,LPL,3.2,0.01836665,3.642544,0.02317371,3.987638,0.02774801,0.00480706,0.00938136
SYC,Seychelles,SSA,National,2018,HeadCount,UPL,5.5,0.05077216,6.11676,0.05745802,5.943204,0.05367126,0.00668586,0.0028991
SYR,Syrian Arab Republic,MNA,National,2018,HeadCount,EPL,1.9,0.4336963,2.195249,0.5393522,2.308158,0.5712531,0.1056559,0.1375568
SYR,Syrian Arab Republic,MNA,National,2018,HeadCount,LPL,3.2,0.755946,3.642544,0.8066086,3.987638,0.8377734,0.0506626,0.0818274
SYR,Syrian Arab Republic,MNA,National,2018,HeadCount,UPL,5.5,0.9241023,6.11676,0.9431761,5.943204,0.9389136,0.0190737999999999,0.0148113
TCD,Chad,SSA,National,2018,HeadCount,EPL,1.9,0.4124786,2.195249,0.4015049,2.308158,0.4288789,-0.0109737,0.0164003
TCD,Chad,SSA,National,2018,HeadCount,LPL,3.2,0.6900457,3.642544,0.6743988,3.987638,0.7126353,-0.0156469,0.0225896
TCD,Chad,SSA,National,2018,HeadCount,UPL,5.5,0.8806518,6.11676,0.8623604,5.943204,0.8554833,-0.0182914,-0.0251685
TGO,Togo,SSA,National,2018,HeadCount,EPL,1.9,0.4569838,2.195249,0.5251933,2.308158,0.5471116,0.0682095,0.0901278
TGO,Togo,SSA,National,2018,HeadCount,LPL,3.2,0.7008889,3.642544,0.7550975,3.987638,0.7781526,0.0542085999999999,0.0772636999999999
TGO,Togo,SSA,National,2018,HeadCount,UPL,5.5,0.8847575,6.11676,0.9083552,5.943204,0.9010271,0.0235977000000001,0.0162696
THA,Thailand,EAP,National,2018,HeadCount,EPL,1.9,0.0002406222,2.195249,0.0004541128,2.308158,0.0006043182,0.0002134906,0.000363696
THA,Thailand,EAP,National,2018,HeadCount,LPL,3.2,0.005408206,3.642544,0.009254588,3.987638,0.01501449,0.003846382,0.009606284
THA,Thailand,EAP,National,2018,HeadCount,UPL,5.5,0.08619646,6.11676,0.111183,5.943204,0.1005856,0.02498654,0.01438914
TJK,Tajikistan,ECA,National,2018,HeadCount,EPL,1.9,0.02834605,2.195249,0.04538644,2.308158,0.05226976,0.01704039,0.02392371
TJK,Tajikistan,ECA,National,2018,HeadCount,LPL,3.2,0.1433311,3.642544,0.18566,3.987638,0.2358893,0.0423289,0.0925582
TJK,Tajikistan,ECA,National,2018,HeadCount,UPL,5.5,0.4447241,6.11676,0.500065,5.943204,0.4829367,0.0553409,0.0382126
TKM,Turkmenistan,ECA,National,2018,HeadCount,EPL,1.9,0.01350393,2.195249,0.006205859,2.308158,0.008376987,-0.007298071,-0.005126943
TKM,Turkmenistan,ECA,National,2018,HeadCount,LPL,3.2,0.1194325,3.642544,0.07631353,3.987638,0.1018674,-0.04311897,-0.0175651
TKM,Turkmenistan,ECA,National,2018,HeadCount,UPL,5.5,0.3550675,6.11676,0.2692356,5.943204,0.2558371,-0.0858319,-0.0992304
TLS,Timor-Leste,EAP,National,2018,HeadCount,EPL,1.9,0.2672522,2.195249,0.07080378,2.308158,0.08740148,-0.19644842,-0.17985072
TLS,Timor-Leste,EAP,National,2018,HeadCount,LPL,3.2,0.7016636,3.642544,0.3861332,3.987638,0.4678214,-0.3155304,-0.2338422
TLS,Timor-Leste,EAP,National,2018,HeadCount,UPL,5.5,0.9303446,6.11676,0.7853271,5.943204,0.7688749,-0.1450175,-0.1614697
TON,Tonga,EAP,National,2018,HeadCount,EPL,1.9,0.006729592,2.195249,0.01069736,2.308158,0.01279269,0.003967768,0.006063098
TON,Tonga,EAP,National,2018,HeadCount,LPL,3.2,0.06769216,3.642544,0.07569067,3.987638,0.09858214,0.00799851,0.03088998
TON,Tonga,EAP,National,2018,HeadCount,UPL,5.5,0.2542635,6.11676,0.2670024,5.943204,0.2468342,0.0127389,-0.00742929999999997
TTO,Trinidad and Tobago,LAC,National,2018,HeadCount,EPL,1.9,0.002945011,2.195249,0.001832822,2.308158,0.00200865,-0.001112189,-0.000936361
TTO,Trinidad and Tobago,LAC,National,2018,HeadCount,LPL,3.2,0.01230736,3.642544,0.00578836,3.987638,0.007504412,-0.006519,-0.004802948
TTO,Trinidad and Tobago,LAC,National,2018,HeadCount,UPL,5.5,0.06419384,6.11676,0.02879356,5.943204,0.02630368,-0.03540028,-0.03789016
TUN,Tunisia,MNA,National,2018,HeadCount,EPL,1.9,0.002191956,2.195249,0.001400615,2.308158,0.002009569,-0.000791341,-0.000182387
TUN,Tunisia,MNA,National,2018,HeadCount,LPL,3.2,0.02846166,3.642544,0.01990203,3.987638,0.02961654,-0.00855963,0.00115488
TUN,Tunisia,MNA,National,2018,HeadCount,UPL,5.5,0.1646491,6.11676,0.1234312,5.943204,0.1130964,-0.0412179,-0.0515527
TUR,Turkey,ECA,National,2018,HeadCount,EPL,1.9,0.0007982764,2.195249,0.001257314,2.308158,0.002128355,0.0004590376,0.0013300786
TUR,Turkey,ECA,National,2018,HeadCount,LPL,3.2,0.01435778,3.642544,0.01514124,3.987638,0.02297046,0.00078346,0.00861268
TUR,Turkey,ECA,National,2018,HeadCount,UPL,5.5,0.09153495,6.11676,0.08952823,5.943204,0.08272885,-0.00200672,-0.0088061
TUV,Tuvalu,EAP,National,2018,HeadCount,EPL,1.9,0.005815788,2.195249,0.02713015,2.308158,0.03260417,0.021314362,0.026788382
TUV,Tuvalu,EAP,National,2018,HeadCount,LPL,3.2,0.1027666,3.642544,0.1572998,3.987638,0.1926376,0.0545332,0.089871
TUV,Tuvalu,EAP,National,2018,HeadCount,UPL,5.5,0.3496192,6.11676,0.4268642,5.943204,0.403331,0.077245,0.0537118
TWN,"Taiwan, China",OHI,National,2018,HeadCount,EPL,1.9,0,2.195249,0,2.308158,0,0,0
TWN,"Taiwan, China",OHI,National,2018,HeadCount,LPL,3.2,0,3.642544,0.002476781,3.987638,0.002476781,0.002476781,0.002476781
TWN,"Taiwan, China",OHI,National,2018,HeadCount,UPL,5.5,0.002476781,6.11676,0.002476781,5.943204,0.002476781,0,0
TZA,Tanzania,SSA,National,2018,HeadCount,EPL,1.9,0.4895172,2.195249,0.4645722,2.308158,0.4941587,-0.024945,0.00464150000000002
TZA,Tanzania,SSA,National,2018,HeadCount,LPL,3.2,0.764972,3.642544,0.7410163,3.987638,0.7783195,-0.0239557,0.0133475000000001
TZA,Tanzania,SSA,National,2018,HeadCount,UPL,5.5,0.9170738,6.11676,0.9041369,5.943204,0.8981879,-0.0129369,-0.0188859
UGA,Uganda,SSA,National,2018,HeadCount,EPL,1.9,0.4017393,2.195249,0.4279734,2.308158,0.4583073,0.0262341,0.056568
UGA,Uganda,SSA,National,2018,HeadCount,LPL,3.2,0.6880191,3.642544,0.700337,3.987638,0.7392091,0.0123179,0.05119
UGA,Uganda,SSA,National,2018,HeadCount,UPL,5.5,0.8721953,6.11676,0.8724061,5.943204,0.8677609,0.000210799999999955,-0.00443440000000006
UKR,Ukraine,ECA,National,2018,HeadCount,EPL,1.9,9.935224e-05,2.195249,0.001805357,2.308158,0.001805357,0.00170600476,0.00170600476
UKR,Ukraine,ECA,National,2018,HeadCount,LPL,3.2,0.003735359,3.642544,0.004427037,3.987638,0.006375949,0.000691678,0.00264059
UKR,Ukraine,ECA,National,2018,HeadCount,UPL,5.5,0.040112,6.11676,0.0541589,5.943204,0.04792394,0.0140469,0.00781194
URY,Uruguay,LAC,National,2018,HeadCount,EPL,1.9,0.0005584995,2.195249,0.0005584995,2.308158,0.0007399121,0,0.0001814126
URY,Uruguay,LAC,National,2018,HeadCount,LPL,3.2,0.003588317,3.642544,0.004279453,3.987638,0.006719965,0.000691136,0.003131648
URY,Uruguay,LAC,National,2018,HeadCount,UPL,5.5,0.02854281,6.11676,0.03307584,5.943204,0.02955056,0.00453303,0.00100775
USA,United States,OHI,National,2018,HeadCount,EPL,1.9,0.01249065,2.195249,0.01249065,2.308158,0.01249065,0,0
USA,United States,OHI,National,2018,HeadCount,LPL,3.2,0.01249065,3.642544,0.014996,3.987638,0.014996,0.00250535,0.00250535
USA,United States,OHI,National,2018,HeadCount,UPL,5.5,0.01749243,6.11676,0.01999487,5.943204,0.01749243,0.00250244,0
UZB,Uzbekistan,ECA,National,2018,HeadCount,EPL,1.9,0.1200402,2.195249,0.3358475,2.308158,0.372654,0.2158073,0.2526138
UZB,Uzbekistan,ECA,National,2018,HeadCount,LPL,3.2,0.4178657,3.642544,0.6942881,3.987638,0.7470985,0.2764224,0.3292328
UZB,Uzbekistan,ECA,National,2018,HeadCount,UPL,5.5,0.7725114,6.11676,0.8968761,5.943204,0.8891879,0.1243647,0.1166765
VEN,"Venezuela, Republica Bolivariana de",LAC,National,2018,HeadCount,EPL,1.9,0.1720537,2.195249,0.2057582,2.308158,0.2244719,0.0337045,0.0524182
VEN,"Venezuela, Republica Bolivariana de",LAC,National,2018,HeadCount,LPL,3.2,0.3359248,3.642544,0.3918103,3.987638,0.4330989,0.0558855,0.0971741
VEN,"Venezuela, Republica Bolivariana de",LAC,National,2018,HeadCount,UPL,5.5,0.591573,6.11676,0.644722,5.943204,0.6315029,0.053149,0.0399299
VNM,Vietnam,EAP,National,2018,HeadCount,EPL,1.9,0.01923701,2.195249,0.01349749,2.308158,0.01704345,-0.00573952,-0.00219356
VNM,Vietnam,EAP,National,2018,HeadCount,LPL,3.2,0.06974885,3.642544,0.05443707,3.987638,0.06802301,-0.01531178,-0.00172584000000001
VNM,Vietnam,EAP,National,2018,HeadCount,UPL,5.5,0.2357838,6.11676,0.1838227,5.943204,0.1737905,-0.0519611,-0.0619933
VUT,Vanuatu,EAP,National,2018,HeadCount,EPL,1.9,0.1440756,2.195249,0.1702995,2.308158,0.1915238,0.0262239,0.0474482
VUT,Vanuatu,EAP,National,2018,HeadCount,LPL,3.2,0.4099677,3.642544,0.4380893,3.987638,0.4992795,0.0281216,0.0893118
VUT,Vanuatu,EAP,National,2018,HeadCount,UPL,5.5,0.7355354,6.11676,0.7442139,5.943204,0.7327548,0.00867850000000003,-0.00278059999999991
WLD,World,Aggregates,Global,2018,HeadCount,EPL,1.9,0.0940018654291396,2.195249,0.094316768062473,2.308158,0.104343101364545,0.00031490263333335,0.0103412359354055
WLD,World,Aggregates,Global,2018,HeadCount,LPL,3.2,0.237591161807863,3.642544,0.238058454787856,3.987638,0.271142756570009,0.000467292979993372,0.0335515947621455
WLD,World,Aggregates,Global,2018,HeadCount,UPL,5.5,0.428565446827856,6.11676,0.428144722389454,5.943204,0.41762088965901,-0.000420724438401965,-0.0109445571688462
WSM,Samoa,EAP,National,2018,HeadCount,EPL,1.9,0.006039618,2.195249,0.01002675,2.308158,0.01150477,0.003987132,0.005465152
WSM,Samoa,EAP,National,2018,HeadCount,LPL,3.2,0.07626137,3.642544,0.08767109,3.987638,0.1054702,0.01140972,0.02920883
WSM,Samoa,EAP,National,2018,HeadCount,UPL,5.5,0.2886074,6.11676,0.3028087,5.943204,0.2813347,0.0142013,-0.00727270000000002
YEM,"Yemen, Republic of",MNA,National,2018,HeadCount,EPL,1.9,0.5193479,2.195249,0.6163354,2.308158,0.6440288,0.0969875,0.1246809
YEM,"Yemen, Republic of",MNA,National,2018,HeadCount,LPL,3.2,0.8056706,3.642544,0.8484206,3.987638,0.8760564,0.04275,0.0703857999999999
YEM,"Yemen, Republic of",MNA,National,2018,HeadCount,UPL,5.5,0.9401609,6.11676,0.9532906,5.943204,0.9505391,0.0131297,0.0103782
ZAF,South Africa,SSA,National,2018,HeadCount,EPL,1.9,0.1953929,2.195249,0.2158474,2.308158,0.2299846,0.0204545,0.0345917
ZAF,South Africa,SSA,National,2018,HeadCount,LPL,3.2,0.3835089,3.642544,0.4037675,3.987638,0.4398203,0.0202586,0.0563114
ZAF,South Africa,SSA,National,2018,HeadCount,UPL,5.5,0.5774858,6.11676,0.5877871,5.943204,0.5784676,0.0103013,0.000981799999999922
ZMB,Zambia,SSA,National,2018,HeadCount,EPL,1.9,0.5638634,2.195249,0.6138791,2.308158,0.6276045,0.0500157,0.0637411
ZMB,Zambia,SSA,National,2018,HeadCount,LPL,3.2,0.7371084,3.642544,0.7700528,3.987638,0.7928328,0.0329444,0.0557244
ZMB,Zambia,SSA,National,2018,HeadCount,UPL,5.5,0.8673624,6.11676,0.8884252,5.943204,0.8822919,0.0210628,0.0149295
ZWE,Zimbabwe,SSA,National,2018,HeadCount,EPL,1.9,0.3141304,2.195249,0.326343,2.308158,0.3559517,0.0122126,0.0418213
ZWE,Zimbabwe,SSA,National,2018,HeadCount,LPL,3.2,0.5904789,3.642544,0.5958713,3.987638,0.636251,0.00539239999999996,0.0457721
ZWE,Zimbabwe,SSA,National,2018,HeadCount,UPL,5.5,0.7971587,6.11676,0.7932585,5.943204,0.7858384,-0.00390020000000002,-0.0113203
